player_id	last_name	first_name	previous_games	previous_average	previous_total	active	team	breakeven	price	position	
1	Arthars	Jesse	19	34.89	663	True	BRO	-14	459400	CTW	
2	Baker	Fletcher	12	36.33	436	True	BRO	37	355700	FRF	
3	Black	Coby	0	0	0	True	BRO	21	198800	HFB	
4	Bryce	Jett	0	0	0	True	BRO	21	198800	2RF	
5	Bukowski	Cameron	0	0	0	True	BRO	21	198800	HOK	
6	Carrigan	Patrick	22	65.64	1444	True	BRO	87	649000	2RF	
7	Cobbo	Selwyn	19	56.26	1069	True	BRO	88	548100	CTW	
8	Gosiewski	Jack	11	16.27	179	True	BRO	34	267700	2RF	
9	Haas	Payne	14	68.36	957	True	BRO	4	777600	FRF	
10	Hetherington	Kobe	23	34.61	796	True	BRO	36	359900	2RF	
11	Hoeter	Delouise	0	0	0	True	BRO	24	232600	CTW	
12	Hunt	Ben	22	61.64	1356	True	BRO	97	586500	5/8	
13	Hunt	Jaiyden	5	31	155	True	BRO	25	242800	2RF	
14	Jensen	Corey	24	53.17	1276	True	BRO	69	481700	FRF	
15	Leota	Israel	0	0	0	True	BRO	21	198800	CTW	
16	Madden	Jock	10	47.8	478	True	BRO	49	467900	HFB	
17	Mam	Ezra	19	50.53	960	True	BRO	52	494600	5/8	
18	Mariner	Deine	21	54.14	1137	True	BRO	47	539800	CTW	
19	Mozer	Blake	8	31.88	255	True	BRO	33	312000	HOK	
20	Paix	Cory	0	0	0	True	BRO	7	285500	HOK	
21	Perham	Hayze	0	0	0	True	BRO	31	294600	CTW	
22	Piakura	Brendan	18	41.11	740	True	BRO	55	331100	2RF	
23	Reynolds	Adam	13	51.15	665	True	BRO	3	612200	HFB	
24	Riki	Jordan	22	48.18	1060	True	BRO	43	497200	2RF	
25	Rogers	Josh	6	44.33	266	True	BRO	41	390600	5/8	
26	Semu	VJ	0	0	0	True	BRO	21	198800	FRF	
27	Smoothy	Tyson	18	37.72	679	True	BRO	39	369300	HOK	
28	Staggs	Kotoni	21	52.52	1103	True	BRO	54	514200	CTW	
29	Taupau	Martin	13	36.15	470	True	BRO	37	353900	FRF	
30	Te Kura	Benjamin	3	29.33	88	True	BRO	24	232600	FRF	
31	Trew	Bailey	0	0	0	True	BRO	21	198800	FLB	
32	Walsh	Reece	14	75.43	1056	True	BRO	149	679900	FLB	
33	Walters	Billy	23	39.83	916	True	BRO	76	355800	HOK	
34	Willison	Xavier	19	45.74	869	True	BRO	70	412700	FRF	
35	Alatini	Sosaia	0	0	0	True	BUL	21	198800	2RF	
36	Amone	Tom	0	0	0	True	BUL	24	232600	FRF	
37	Burton	Matt	22	66.27	1458	True	BUL	98	648700	5/8	
38	Crichton	Stephen	20	52.85	1057	True	BUL	56	477700	CTW	
39	Curran	Joshua	23	55.87	1285	True	BUL	44	546900	2RF	
40	Hayes	Harry	8	37.75	302	True	BUL	30	386900	CTW	
41	Hayward	Bailey	19	30.74	584	True	BUL	14	302400	2RF	
42	Hopoi	Lipoi	6	21.5	129	True	BUL	24	232600	2RF	
43	Hughes	Samuel	24	36.33	872	True	BUL	37	355700	FRF	
44	Hutchison	Drew	13	42.15	548	True	BUL	43	412600	HFB	
45	Kautoga	Kitione	2	11.5	23	True	PAR	8	232600	2RF	
46	Kikau	Viliame	22	53.45	1176	True	BUL	-10	523300	2RF	
47	King	Max	18	57.78	1040	True	BUL	59	559900	FRF	
48	Kiraz	Jacob	24	71.79	1723	True	BUL	73	702800	CTW	
49	Mahoney	Reed	24	57.5	1380	True	BUL	51	529500	HOK	
50	Mann	Kurt	17	42.59	724	True	BUL	40	419000	2RF	
51	Montoya	Marcelo	19	41.74	793	True	BUL	24	444500	CTW	
52	Morrin	Kurtis	22	30.64	674	True	BUL	45	299900	2RF	
53	O'Neill	Joseph	0	0	0	True	BUL	21	198800	HFB	
54	Oloapu	Karl	0	0	0	True	BUL	24	232600	5/8	
55	Preston	Jacob	17	62.24	1058	True	BUL	70	586000	2RF	
56	Salmon	Jaeman	19	43.11	819	True	BUL	35	417900	2RF	
57	Seve	Fanafou	0	0	0	True	BUL	21	198800	FRF	
58	Sexton	Toby	15	49.13	737	True	BUL	62	459500	HFB	
59	Spinks	Logan	0	0	0	True	BUL	21	198800	2RF	
60	Sua	Jonathan	1	25	25	True	BUL	24	232600	CTW	
61	Suluka-Fifita	Daniel	0	0	0	True	BUL	6	232600	FRF	
62	Sutton	Ryan	0	0	0	True	BUL	24	232600	FRF	
63	Taaffe	Blake	8	39.5	316	True	BUL	40	386700	FLB	
64	Todd	Jack	0	0	0	True	BUL	21	198800	2RF	
65	Tracey	Connor	21	60	1260	True	BUL	73	605300	CTW	
66	Tuala	Enari	15	37.4	561	True	BUL	38	366100	CTW	
67	Tupouniua	Sitili	18	43.5	783	True	BUL	78	453200	2RF	
68	Turpin	Jake	4	15.5	62	True	BUL	24	232600	HOK	
69	Wilson	Blake	10	46.9	469	True	BUL	52	459400	CTW	
70	Woods	Mitchell	0	0	0	True	BUL	21	198800	HFB	
71	Xerri	Bronson	18	53.44	962	True	BUL	45	516100	CTW	
72	Young	Patrick	0	0	0	True	BUL	21	198800	2RF	
73	Asomua	Michael	0	0	0	True	CBR	21	198800	CTW	
74	Clydsdale	Jake	0	0	0	True	CBR	21	198800	FRF	
75	Fogarty	Jamal	14	54.71	766	True	CBR	45	542400	HFB	
76	Guler	Emre	11	33.91	373	True	STG	1	331900	FRF	
77	Harawira-Naera	Corey	0	0	0	True	CBR	24	232600	2RF	
78	Hopoate	Albert	9	46.44	418	True	CBR	71	454600	CTW	
79	Horsburgh	Corey	5	45.4	227	True	CBR	-7	429900	2RF	
80	Hosking	Zac	8	52.5	420	True	CBR	40	513900	2RF	
81	Kris	Sebastian	20	41.45	829	True	CBR	35	461800	CTW	
82	Levi	Danny	22	32.91	724	True	CBR	34	322100	HOK	
83	Mariota	Ata	23	38.22	879	True	CBR	51	346500	FRF	
84	Martin	Jordan	1	7	7	True	CBR	24	232600	2RF	
85	Martin	Myles	0	0	0	True	CBR	21	198800	FRF	
86	Martin	Noah	0	0	0	True	CBR	21	198800	2RF	
87	Mooney	Trey	16	32.44	519	True	CBR	-22	317500	2RF	
88	Nicholson	Matty	0	0	0	True	CBR	-42	336000	2RF	
89	Packer	Shaun	0	0	0	True	CBR	21	198800	HOK	
90	Papalii	Josh	23	44.96	1034	True	CBR	25	465400	FRF	
91	Pattie	Owen	0	0	0	True	CBR	14	205900	HOK	
92	Patuki-Case	Vena	0	0	0	True	CBR	21	198800	FRF	
93	Roddy	Joe	0	0	0	True	CBR	21	198800	2RF	
94	Sanders	Ethan	2	50	100	True	CBR	26	244700	HFB	
95	Sasagi	Simi	10	38.4	384	True	CBR	53	334000	2RF	
96	Saulo	Pasami	8	32.38	259	True	CBR	33	316900	2RF	
97	Savage	Xavier	24	43.75	1050	True	CBR	1	428300	CTW	
98	Smithies	Morgan	24	47.71	1145	True	CBR	92	431200	2RF	
99	Starling	Tom	23	35	805	True	CBR	-20	433300	HOK	
100	Stewart	Chevy	3	26	78	True	CBR	24	232600	FLB	
101	Strange	Ethan	21	49.52	1040	True	CBR	110	462400	5/8	
102	Taateo	Peter	0	0	0	True	CBR	21	198800	FRF	
103	Tamale	Savelio	1	35	35	True	CBR	9	301700	CTW	
104	Tapine	Joseph	24	66.92	1606	True	CBR	87	655100	FRF	
105	Timoko	Matthew	24	52.96	1271	True	CBR	55	549100	CTW	
106	Waitere	Manaia	0	0	0	True	CBR	21	198800	FLB	
107	Weekes	Kaeo	17	54.24	922	True	CBR	84	475600	FLB	
108	Young	Hudson	22	70	1540	True	CBR	79	682400	2RF	
109	Averillo	Jake	23	53.61	1233	True	DOL	74	491300	CTW	
110	Bostock	Jack	23	52.65	1211	True	DOL	53	515400	CTW	
111	Bromwich	Kenny	20	40.55	811	True	DOL	41	396900	2RF	
112	Donoghoe	Kurt	9	21.22	191	True	DOL	31	240000	HOK	
113	Farnworth	Herbie	20	74.4	1488	True	DOL	80	712100	CTW	
114	Feagai	Max	12	36.08	433	True	DOL	37	353200	CTW	
115	Finefeuiaki	Kulikefu	23	37.61	865	True	DOL	35	368200	2RF	
116	Flegler	Thomas	4	59	236	True	DOL	48	462000	FRF	
117	Fuller	Trai	11	64.73	712	True	DOL	66	633600	FLB	
118	Gilbert	Tom	0	0	0	True	DOL	54	472900	2RF	
119	Graham	Harrison	0	0	0	True	DOL	24	232600	HOK	
120	Isaako	Jamayne	24	63	1512	True	DOL	117	594000	CTW	
121	Jackson	Ryan	0	0	0	True	DOL	21	198800	FRF	
122	Katoa	Isaiya	22	39.91	878	True	DOL	-15	463600	HFB	
123	Kaufusi	Felise	18	42	756	True	DOL	60	383000	2RF	
124	Keeley	Oryn	6	31.17	187	True	DOL	45	274600	2RF	
125	Kerr	Josh	19	39.32	747	True	DOL	53	384900	FRF	
126	Lemuelu	Connelly	18	49.39	889	True	DOL	86	483500	2RF	
127	Marshall-King	Jeremy	17	56.71	964	True	DOL	81	528500	HOK	
128	Naufahu	Tevita	0	0	0	True	DOL	21	198800	CTW	
129	Nicholls	Mark	23	44.39	1021	True	DOL	60	434500	FRF	
130	Nikorima	Kodi	21	51.1	1073	True	DOL	87	500200	5/8	
131	O'Sullivan	Sean	10	24.6	246	True	DOL	6	240800	HFB	
132	Plath	Max	21	63.1	1325	True	DOL	88	612500	2RF	
133	Rasmussen	Elijah	0	0	0	True	DOL	21	198800	CTW	
134	Saifiti	Daniel	22	43.91	966	True	DOL	20	462700	FRF	
135	Stone	Ray	22	38.27	842	True	DOL	41	359100	2RF	
136	Symonds	Lewis	0	0	0	True	DOL	21	198800	2RF	
137	Tabuai-Fidow	Hamiso	16	66.75	1068	True	DOL	134	594600	FLB	
138	Tawha	Aublix	0	0	0	True	DOL	21	198800	CTW	
139	Teague	Mason	1	8	8	True	DOL	24	232600	2RF	
140	Tupou	Junior	8	39	312	True	DOL	57	381800	CTW	
141	Walsh	James	0	0	0	True	DOL	21	198800	2RF	
142	Waqa	Michael	0	0	0	True	DOL	21	198800	FRF	
143	Alick-Wiencke	Jacob	6	33.5	201	True	GCT	31	295100	2RF	
144	Brimson	Alexander	13	55.08	716	True	GCT	105	539200	5/8	
145	Campbell	Jayden	15	71.53	1073	True	GCT	56	700200	5/8	
146	Campbell-Gillard	Reagan	24	50.63	1215	True	GCT	93	495600	FRF	
147	de Groot	Jaylan	1	47	47	True	GCT	24	232600	CTW	
148	Fa'asuamaleaui	Iszac	1	10	10	True	GCT	43	232600	FRF	
149	Fa'asuamaleaui	Tino	2	47	94	True	GCT	-4	531300	2RF	
150	Fermor	Beau	22	60.59	1333	True	GCT	38	593100	2RF	
151	Fifita	David	20	76.55	1531	True	GCT	146	749400	2RF	
152	Fifita	Jojo	19	49.79	946	True	GCT	43	487400	CTW	
153	Foran	Kieran	21	47.14	990	True	GCT	48	461500	5/8	
154	Foran	Ryan	0	0	0	True	GCT	21	198800	2RF	
155	Fotuaika	Moeaki	20	47.4	948	True	GCT	53	464000	FRF	
156	Francis	Tony	2	22.5	45	True	GCT	35	232600	CTW	
157	Gordon	Carter	0	0	0	True	GCT	35	336000	CTW	
158	Haas	Klese	22	41.32	909	True	GCT	49	404500	2RF	
159	Harrison	Zane	0	0	0	True	GCT	21	198800	HFB	
160	Hau	Arama	1	20	20	True	GCT	24	232600	FRF	
161	Jolliffe	Jaimin	16	49.31	789	True	GCT	70	482700	FRF	
162	Kelly	Brian	23	60.04	1381	True	GCT	77	587800	CTW	
163	Khan-Pereira	Alofiana	21	51.95	1091	True	GCT	36	508600	CTW	
164	Kini	Keano	16	72.31	1157	True	GCT	92	707900	FLB	
165	Liyou	Ben	0	0	0	True	GCT	21	198800	FRF	
166	Maumalo	Ken	0	0	0	True	GCT	22	214000	CTW	
167	Pahulu	Josiah	19	25.95	493	True	GCT	26	254000	FRF	
168	Randall	Chris	24	52.13	1251	True	GCT	101	510300	HOK	
169	Sami	Phillip	13	59.77	777	True	GCT	77	585100	CTW	
170	Simpkins	Tukimihia	0	0	0	True	GCT	21	198800	2RF	
171	Smith-Shields	Harley	5	32	160	True	GCT	26	250600	CTW	
172	Stephenson	Sam	0	0	0	True	GCT	21	198800	CTW	
173	Verrills	Sam	24	42.54	1021	True	GCT	14	416400	HOK	
174	Anderson	Grant	14	45.43	636	True	MEL	45	444700	CTW	
175	Asofa-Solomona	Nelson	17	37.12	631	True	MEL	70	363300	FRF	
176	Blore	Shawn	21	54.57	1146	True	MEL	71	534200	2RF	
177	Chan	Joe	11	27.27	300	True	MEL	28	267000	2RF	
178	Coates	Xavier	13	50.77	660	True	MEL	41	497000	CTW	
179	Fa'alogo	Sua	14	53.86	754	True	MEL	55	527200	CTW	
180	Garlick	Bronson	4	33.25	133	True	MEL	27	260400	HOK	
181	Grant	Harry	20	70.65	1413	True	MEL	129	691600	HOK	
182	Howarth	Jack	13	43.54	566	True	MEL	-2	426200	CTW	
183	Huen	Stanley	0	0	0	True	MEL	21	198800	5/8	
184	Hughes	Jahrome	20	82.25	1645	True	MEL	130	805200	HFB	
185	Kamikamica	Tui	19	35	665	True	MEL	27	342600	FRF	
186	Katoa	Eliesa	22	73.27	1612	True	MEL	62	717300	2RF	
187	King	Josh	23	49.87	1147	True	MEL	31	488200	FRF	
188	Leo	Moses	0	0	0	True	MEL	22	214000	CTW	
189	Loiero	Trent	23	52.35	1204	True	MEL	82	512400	2RF	
190	MacDonald	Alec	19	34.84	662	True	MEL	51	341100	2RF	
191	Meaney	Nick	21	63.24	1328	True	MEL	50	619000	CTW	
192	Munster	Cameron	14	62.21	871	True	MEL	31	609000	5/8	
193	Papenhuyzen	Ryan	17	63	1071	True	MEL	-4	616700	FLB	
194	Pezet	Jonah	3	31	93	True	MEL	29	276100	5/8	
195	Utoikamanu	Stefano	24	54.04	1297	True	MEL	96	529000	FRF	
196	Vaalepu	Lazarus	6	25.83	155	True	MEL	20	232600	FRF	
197	Warbrick	William	21	53.38	1121	True	MEL	68	522500	CTW	
198	*** Welch	Christian	17	40.88	695	False	MEL	42	400200	FRF	
199	Wishart	Tyran	23	56.87	1308	True	MEL	89	556700	5/8	
200	Aloiai	Josh	20	34.45	689	True	MNL	36	337200	FRF	
201	Arthur	Jakob	0	0	0	True	MNL	24	232600	HFB	
202	Brooks	Luke	24	54.04	1297	True	MNL	83	479900	5/8	
203	Brown	Nathan	20	39.6	792	True	MNL	40	387600	2RF	
204	Bullemor	Ethan	21	36.48	766	True	MNL	12	414900	FRF	
205	Chan Kum Tong	Gordon	10	17.4	174	True	MNL	24	232600	HOK	
206	Chee-Kam	Michael	16	38.25	612	True	MNL	39	374400	2RF	
207	Cherry-Evans	Daly	22	66.05	1453	True	MNL	70	711900	HFB	
208	Croker	Lachlan	14	34.14	478	True	MNL	35	334200	HOK	
209	Faulalo	Clayton	3	32.67	98	True	MNL	37	232600	CTW	
210	Garrick	Reuben	22	69.5	1529	True	MNL	23	748500	CTW	
211	Hopoate	Lehi	12	60.17	722	True	MNL	79	575000	FLB	
212	James	Aitasi	1	17	17	True	MNL	24	232600	2RF	
213	Koula	Tolutau	19	46.53	884	True	MNL	86	455400	CTW	
214	Matterson	Dean	0	0	0	True	MNL	22	214000	2RF	
215	Navale	Caleb	2	34.5	69	True	MNL	25	236400	2RF	
216	Olakau'atu	Haumole	19	68	1292	True	MNL	86	680900	2RF	
217	Paseka	Taniela	21	45.14	948	True	MNL	67	446500	FRF	
218	Patolo	Chris	4	8.75	35	True	MNL	24	232600	FRF	
219	Saab	Jason	17	54	918	True	MNL	48	593200	CTW	
220	Schoupp	Aaron	3	35.33	106	True	MNL	25	242100	CTW	
221	Simpkin	Jake	10	32.5	325	True	MNL	22	338700	HOK	
222	Sipley	Toafofoa	13	37.62	489	True	MNL	11	368200	FRF	
223	Talau	Tommy	21	53.76	1129	True	MNL	55	526300	CTW	
224	Taukei'aho	Siua	0	0	0	True	MNL	67	453300	2RF	
225	Tevaga	Jazz	19	37.68	716	True	MNL	56	339300	2RF	
226	Trbojevic	Ben	19	42.89	815	True	MNL	40	427600	CTW	
227	Trbojevic	Jake	22	51.41	1131	True	MNL	77	474400	2RF	
228	Trbojevic	Tom	18	89.44	1610	True	MNL	102	875600	FLB	
229	Tuaimalo Vaega	Raymond	3	51	153	True	MNL	36	349500	CTW	
230	Walsh	Joey	0	0	0	True	MNL	21	198800	HFB	
231	Annan	Taj	0	0	0	True	NEW	22	214000	CTW	
232	Arthur	Matt	3	10.67	32	True	NEW	24	232600	HOK	
233	Best	Bradman	17	57.71	981	True	NEW	-13	622700	CTW	
234	Brailey	Jayden	22	42.36	932	True	NEW	75	370200	HOK	
235	Bryan	Paul	0	0	0	True	NEW	21	198800	FRF	
236	Cant	Thomas	3	40	120	True	NEW	-30	274100	2RF	
237	Cogger	Jack	16	41	656	True	NEW	60	365200	HFB	
238	Croker	Matt	15	35.73	536	True	NEW	18	365700	2RF	
239	Crossland	Phoenix	23	34.91	803	True	NEW	39	354800	HFB	
240	De Courcey	Wilson	0	0	0	True	NEW	21	198800	CTW	
241	Elliott	Adam	22	57.32	1261	True	NEW	45	561100	2RF	
242	Frizell	Tyson	18	53.94	971	True	NEW	73	493000	2RF	
243	Gagai	Dane	21	70.95	1490	True	NEW	80	659400	CTW	
244	Gamble	Tyson	13	42.77	556	True	NEW	44	418700	5/8	
245	Hastings	Jackson	16	56.63	906	True	NEW	58	554300	HFB	
246	Hetherington	Jack	19	32.53	618	True	NEW	46	297600	2RF	
247	Hopwood	Cody	0	0	0	True	NEW	21	198800	FRF	
248	Jones	Brodie	17	33.12	563	True	NEW	52	324200	2RF	
249	Jones	Riley	0	0	0	True	NEW	22	214000	HOK	
250	Lucas	Dylan	20	63	1260	True	NEW	21	616700	2RF	
251	Manuleleua	Francis	0	0	0	True	NEW	22	214000	2RF	
252	Marzhew	Greg	21	52.48	1102	True	NEW	50	549600	CTW	
253	McEwen	Jermaine	0	0	0	True	NEW	11	198800	2RF	
254	Pearce-Paul	Kai	21	53.67	1127	True	NEW	59	525300	2RF	
255	Ponga	Kalyn	15	80.73	1211	True	NEW	76	797400	FLB	
256	Pryce	Will	5	39.6	198	True	NEW	32	310100	5/8	
257	Saifiti	Jacob	16	47.75	764	True	NEW	70	435500	FRF	
258	Schiller	James	5	65.8	329	True	NEW	36	532100	CTW	
259	Sharpe	Fletcher	11	65	715	True	NEW	68	652500	FLB	
260	Su'a	Sebastian	1	0	0	True	NEW	24	232600	FRF	
261	Thompson	Leo	22	50.55	1112	True	NEW	56	494800	FRF	
262	Thompson	Tyrone	0	0	0	True	NEW	21	198800	2RF	
263	Votano	Connor	0	0	0	True	NEW	21	198800	FLB	
264	Bateman	John	12	53.42	641	True	NQC	68	517500	2RF	
265	Bitungane	Emarly	0	0	0	True	NQC	21	198800	2RF	
266	Burns	Braidon	4	71.5	286	True	NQC	90	559900	CTW	
267	Chester	Tom	5	35.6	178	True	NQC	29	278800	CTW	
268	Clifford	Jake	6	60.5	363	True	NQC	63	533000	HFB	
269	Cotter	Reuben	21	57.24	1202	True	NQC	75	521000	2RF	
270	Dearden	Thomas	22	61.05	1343	True	NQC	108	500300	5/8	
271	Derby	Robert	0	0	0	True	NQC	11	214000	CTW	
272	Drinkwater	Scott	24	78.67	1888	True	NQC	111	728000	FLB	
273	Duffy	Tom	0	0	0	True	NQC	13	198800	HFB	
274	Edwards	Harrison	14	32.43	454	True	NQC	12	317400	2RF	
275	Herdegen	Zac	0	0	0	True	NQC	21	198800	HFB	
276	Hess	Coen	0	0	0	True	NQC	36	328400	2RF	
277	Kira	Mason	0	0	0	True	NQC	21	198800	2RF	
278	Lahrs	Kaiden	0	0	0	True	NQC	21	198800	FRF	
279	Lawton	Karl	22	33.77	743	True	NQC	67	330600	2RF	
280	Laybutt	Zac	4	49.75	199	True	NQC	41	389600	CTW	
281	Luki	Heilum	17	51.65	878	True	NQC	53	505600	2RF	
282	McIntyre	Sam	24	40.5	972	True	NQC	43	407000	2RF	
283	McLean	Jordan	20	38.25	765	True	NQC	42	363700	FRF	
284	Mikaele	Thomas	12	28.25	339	True	NQC	29	276500	FRF	
285	Nanai	Jeremiah	21	63.29	1329	True	NQC	153	619500	2RF	
286	Neame	Griffin	24	41.08	986	True	NQC	39	393400	FRF	
287	O'Donnell	Kai	0	0	0	True	NQC	34	336000	2RF	
288	Paulo	Jaxson	8	34.25	274	True	NQC	35	335300	CTW	
289	Purdue	Jaxon	8	26.25	210	True	NQC	-10	298000	CTW	
290	Robson	Reece	21	60.33	1267	True	NQC	90	522500	HOK	
291	Shibasaki	Jamal	1	15	15	True	NQC	24	232600	FRF	
292	Sullivan	Wil	0	0	0	True	NQC	21	198800	FRF	
293	Taulagi	Murray	16	61.81	989	True	NQC	70	554500	CTW	
294	Taumalolo	Jason	21	36.71	771	True	NQC	24	359400	FRF	
295	Vailea	Viliami	16	41.75	668	True	NQC	79	400700	CTW	
296	Valemei	Semi	4	39.5	158	True	NQC	40	386400	CTW	
297	Afoa	Bunty	9	24.78	223	True	NZL	25	242600	2RF	
298	Ale	Tom	15	25.07	376	True	NZL	26	245400	FRF	
299	Barnett	Mitchell	23	67.52	1553	True	NZL	98	614100	2RF	
300	Berry	Rocco	12	44.83	538	True	NZL	46	438900	CTW	
301	Boyd	Tanah	9	33.67	303	True	NZL	34	329600	5/8	
302	Capewell	Kurt	18	50.11	902	True	NZL	58	482800	2RF	
303	Capper	Kahu	0	0	0	True	NZL	21	198800	CTW	
304	Clark	Erin	24	39.96	959	True	NZL	23	416800	2RF	
305	Cleary	Jett	0	0	0	True	NZL	21	198800	HFB	
306	Egan	Wayde	20	50.2	1004	True	NZL	4	539500	HOK	
307	Fisher-Harris	James	20	56.1	1122	True	NZL	50	560600	FRF	
308	Ford	Jackson	19	56	1064	True	NZL	65	531500	2RF	
309	Going	Kalani	0	0	0	True	NZL	21	198800	2RF	
310	Halasima	Leka	4	22.5	90	True	NZL	15	241700	2RF	
311	*** Harris	Tohu	14	56.71	794	False	NZL	58	555200	2RF	
312	Harris-Tavita	Chanel	17	33.76	574	True	NZL	-2	388500	5/8	
313	Healey	Sam	0	0	0	True	NZL	21	198800	HOK	
314	Kosi	Edward	5	41.4	207	True	NZL	34	324200	CTW	
315	Laban	Jacob	7	24.43	171	True	NZL	24	232600	2RF	
316	Leiataua	Ali	6	58.33	350	True	NZL	2	548100	CTW	
317	Lussick	Freddy	14	27.79	389	True	NZL	28	272000	HOK	
318	Maiu'u	Zyon	1	15	15	True	BUL	24	232600	2RF	
319	Martin	Te Maire	16	67.75	1084	True	NZL	69	663200	5/8	
320	Metcalf	Luke	7	50.29	352	True	NZL	2	453800	5/8	
321	Nicoll-Klokstad	Charnze	17	67.71	1151	True	NZL	48	643000	FLB	
322	Niukore	Marata	14	41.57	582	True	NZL	51	377400	2RF	
323	Pasikala	Motu	0	0	0	True	NZL	21	198800	FLB	
324	Pompey	Adam	14	38.5	539	True	NZL	48	385100	CTW	
325	Stowers-Smith	Tanner	0	0	0	True	NZL	21	198800	FRF	
326	Tuaupiki	Taine	6	52.17	313	True	NZL	27	463000	CTW	
327	Tuivasa-Sheck	Roger	18	56.5	1017	True	NZL	73	553100	CTW	
328	Vaimauga	Demitric	4	28.75	115	True	NZL	30	217400	2RF	
329	Walker	Dylan	19	49.53	941	True	NZL	81	436400	2RF	
330	Watene-Zelezniak	Dallin	22	54.86	1207	True	NZL	56	537100	CTW	
331	Addo-Carr	Josh	14	55.43	776	True	PAR	67	542600	CTW	
332	Brown	Dylan	24	66.58	1598	True	PAR	100	622600	5/8	
333	Cartwright	Bryce	20	57.3	1146	True	PAR	59	560900	2RF	
334	Doorey	Matthew	4	17.75	71	True	PAR	11	241700	2RF	
335	Dunster	Haze	0	0	0	True	PAR	22	214000	CTW	
336	Greig	Wiremu	7	22	154	True	PAR	24	232600	FRF	
337	Guymer	Charlie	2	40	80	True	PAR	24	232600	2RF	
338	Hands	Brendan	19	35.68	678	True	PAR	86	349300	HOK	
339	Hawkins	Dean	8	34	272	True	PAR	42	332800	HFB	
340	Hopgood	J'maine	12	67.17	806	True	PAR	86	626900	2RF	
341	Iongi	Isaiah	1	47	47	True	PAR	11	296000	FLB	
342	Lane	Shaun	24	51.92	1246	True	PAR	91	508200	2RF	
343	Lomax	Zac	21	79.05	1660	True	PAR	67	751700	CTW	
344	Lussick	Joey	19	35.21	669	True	PAR	47	344700	HOK	
345	Mataele	Toni	0	0	0	True	PAR	21	198800	2RF	
346	Matterson	Ryan	16	52.06	833	True	PAR	53	509600	2RF	
347	Moretti	Luca	11	34.45	379	True	PAR	35	337300	2RF	
348	Moses	Mitchell	8	64.25	514	True	PAR	66	628900	HFB	
349	Ofahengaue	Joe	24	44.67	1072	True	PAR	58	396000	2RF	
350	Papalii	Joash	0	0	0	True	PAR	21	198800	FLB	
351	Paulo	Junior	16	50.31	805	True	PAR	50	472900	FRF	
352	Penisini	Richard	0	0	0	True	PAR	21	198800	CTW	
353	Penisini	Will	23	58.74	1351	True	PAR	55	601000	CTW	
354	Pryke	Saxon	0	0	0	True	PAR	21	198800	2RF	
355	Russell	Sean	21	37.95	797	True	PAR	47	371500	CTW	
356	Samrani	Jordan	0	0	0	True	PAR	-31	198800	CTW	
357	Simonsson	Bailey	10	45.7	457	True	PAR	47	447400	CTW	
358	Tago	Jake	7	32	224	True	PAR	30	281900	CTW	
359	Tuilagi	Kelma	16	44.31	709	True	PAR	65	433800	2RF	
360	Tuivaiti	Sam	0	0	0	True	PAR	28	198800	FRF	
361	Williams	Jack	22	46.55	1024	True	PAR	32	467300	2RF	
362	Alamoti	Paul	13	59.85	778	True	PTH	14	640700	CTW	
363	Cleary	Nathan	10	82.9	829	True	PTH	146	727200	HFB	
364	Cole	Jack	9	45.89	413	True	PTH	48	442300	5/8	
365	Edwards	Dylan	17	85.71	1457	True	PTH	138	839000	FLB	
366	Eisenhuth	Matthew	16	30.88	494	True	PTH	42	302200	2RF	
367	Fale	David	0	0	0	True	PTH	21	198800	CTW	
368	Garner	Luke	14	56.21	787	True	PTH	121	499000	2RF	
369	Geyer	Mavrik	11	24.27	267	True	PTH	25	237600	2RF	
370	Hassett	Harrison	0	0	0	True	PTH	21	198800	2RF	
371	Henry	Liam	21	45.76	961	True	PTH	58	448000	FRF	
372	Kenny	Mitchell	21	47.43	996	True	PTH	76	426000	HOK	
373	Kepaoa	Asu	2	54	108	True	PTH	39	370000	2RF	
374	Laurie	Daine	14	52.57	736	True	PTH	51	514600	FLB	
375	Leota	Moses	23	39.04	898	True	PTH	47	377600	FRF	
376	Luke	Soni	1	62	62	True	PTH	32	303500	HOK	
377	Martin	Liam	19	44.58	847	True	PTH	62	431900	2RF	
378	McLean	Casey	7	50.29	352	True	PTH	1	445700	CTW	
379	McLean	Jesse	1	48	48	True	PTH	25	234900	CTW	
380	Papali'i	Isaiah	16	59.81	957	True	PTH	112	585500	2RF	
381	Patea	Luron	3	28	84	True	PTH	30	232600	FRF	
382	Price	Riley	0	0	0	True	PTH	22	214000	2RF	
383	Riki	Preston	1	26	26	True	PTH	24	232600	2RF	
384	Sagaga	John	0	0	0	True	PTH	21	198800	FRF	
385	Schneider	Brad	12	54.42	653	True	PTH	56	532700	HFB	
386	Scott	Billy	0	0	0	True	PTH	21	198800	HOK	
387	Smith	Lindsay	24	53.54	1285	True	PTH	48	550900	FRF	
388	Sommerton	Luke	3	43	129	True	PTH	31	294700	HOK	
389	Sorensen	Scott	15	49.6	744	True	PTH	56	468500	2RF	
390	Tago	Izack	23	51.22	1178	True	PTH	82	473900	CTW	
391	Talagi	Blaize	19	57.47	1092	True	PTH	56	562600	CTW	
392	To'o	Brian	21	70.29	1476	True	PTH	75	688000	CTW	
393	Toelau	Trent	9	19.78	178	True	PTH	24	232600	5/8	
394	Yeo	Isaah	22	74.27	1634	True	PTH	120	694200	2RF	
395	Atkinson	Daniel	17	42.71	726	True	SHA	72	354900	5/8	
396	Berrell	Jayden	3	14	42	True	SHA	24	232600	HOK	
397	Brailey	Blayke	24	53.04	1273	True	SHA	62	519700	HOK	
398	Burns	Billy	4	21	84	True	SHA	35	337100	2RF	
399	Colquhoun	Jesse	1	11	11	True	SHA	24	232600	2RF	
400	Coutts	Dylan	0	0	0	True	SHA	21	198800	2RF	
401	Dykes	Kade	0	0	0	True	SHA	21	198800	FLB	
402	Fonua-Blake	Addin	23	72.17	1660	True	SHA	108	688600	FRF	
403	Gabrael	Michael	0	0	0	True	SHA	21	198800	CTW	
404	Hamlin-Uele	Braden	12	31.08	373	True	SHA	45	291200	FRF	
405	Hau Tapuha	Tuku	10	24.1	241	True	SHA	23	235900	FRF	
406	Hazelton	Thomas	22	52.77	1161	True	SHA	73	516600	FRF	
407	Hiroti	Mawene	1	59	59	True	SHA	30	288800	CTW	
408	Hynes	Nicholas	15	75.13	1127	True	SHA	34	752400	HFB	
409	Iro	Kayal	20	65.45	1309	True	SHA	20	689800	CTW	
410	Ison	Liam	1	60	60	True	SHA	31	293700	FLB	
411	Katoa	Sione	21	57.19	1201	True	SHA	58	559800	CTW	
412	Kaufusi	Oregon	23	42.7	982	True	SHA	42	397900	FRF	
413	Kennedy	William	23	48.22	1109	True	SHA	16	507900	FLB	
414	McInnes	Cameron	23	59.83	1376	True	SHA	75	570000	2RF	
415	Mulitalo	Ronaldo	20	67.85	1357	True	SHA	23	669200	CTW	
416	Nikora	Briton	22	69.68	1533	True	SHA	87	659000	2RF	
417	Pollard	Riley	0	0	0	True	SHA	21	198800	HFB	
418	Puru	Hohepa	0	0	0	True	SHA	22	214000	2RF	
419	Puru	Niwhai	0	0	0	True	SHA	21	198800	5/8	
420	Ramien	Jesse	23	64.96	1494	True	SHA	103	625400	CTW	
421	Rudolf	Toby	18	43.83	789	True	SHA	45	429100	FRF	
422	Stonestreet	Sam	5	65	325	True	SHA	32	517700	CTW	
423	Talakai	Siosifa	21	45.95	965	True	SHA	73	403800	2RF	
424	Trindall	Braydon	17	56.59	962	True	SHA	33	580400	HFB	
425	Vea'ila	Chris	0	0	0	True	SHA	21	198800	CTW	
426	Wilton	Teig	20	56.35	1127	True	SHA	48	557600	2RF	
427	Ackers	Corey	0	0	0	True	STG	21	198800	2RF	
428	Allan	Corey	0	0	0	True	STG	24	232600	CTW	
429	Cook	Damien	23	67.65	1556	True	STG	124	662300	HOK	
430	Couchman	Ryan	6	30.17	181	True	STG	56	265800	2RF	
431	Couchman	Toby	11	49.36	543	True	STG	21	483200	2RF	
432	de Belin	Jack	24	56.29	1351	True	STG	79	551000	2RF	
433	Egan	Dylan	0	0	0	True	STG	21	198800	2RF	
434	Faitala-Mariner	Raymond	20	42.55	851	True	STG	90	416500	2RF	
435	Feagai	Mathew	9	42.33	381	True	STG	71	414400	CTW	
436	Fifita	Viliami	2	13	26	True	STG	24	232600	2RF	
437	Finau	Sione	1	57	57	True	STG	29	279000	CTW	
438	Flanagan	Kyle	20	41.25	825	True	STG	19	403800	5/8	
439	Gutherson	Clint	21	69	1449	True	STG	-48	675400	FLB	
440	Halangahu	Jacob	0	0	0	True	STG	21	198800	2RF	
441	Holmes	Valentine	22	80.14	1763	True	STG	135	784500	CTW	
442	Ilias	Lachlan	2	30	60	True	STG	40	348500	HFB	
443	Lawrie	Blake	20	37.75	755	True	STG	50	369500	FRF	
444	Leilua	Luciano	18	55.72	1003	True	STG	90	545500	2RF	
445	Liddle	Jacob	22	65.45	1440	True	STG	111	640700	HOK	
446	Molo	Francis	23	39.52	909	True	STG	40	386900	FRF	
447	Molo	Michael	4	37.25	149	True	STG	30	291700	FRF	
448	Pasifiki Tonga	Loko	0	0	0	True	STG	21	198800	FRF	
449	Ramsey	Cody	0	0	0	True	STG	22	214000	CTW	
450	Ravalawa	Mikaele	12	44.25	531	True	STH	63	433200	CTW	
451	Sele	Hame	11	36	396	True	STG	37	352400	FRF	
452	Sloan	Tyrell	23	55.43	1275	True	STG	16	542700	FLB	
453	Stewart	Hamish	0	0	0	True	STG	-26	198800	FRF	
454	Su'A	Jaydn	22	67.05	1475	True	STG	87	656300	2RF	
455	Suli	Moses	19	48.11	914	True	STG	76	470900	CTW	
456	Tuipulotu	Christian	12	56.42	677	True	STG	-54	552300	CTW	
457	Aitken	Euan	15	60	900	True	STH	61	587300	2RF	
458	Arrow	Jai	11	50.82	559	True	STH	80	477500	2RF	
459	Burns	Gerome	0	0	0	True	STH	21	198800	5/8	
460	Dodd	Lewis	0	0	0	True	STH	35	336000	HFB	
461	Duncan	Tallis	20	42.9	858	True	STH	62	405900	2RF	
462	Fletcher	Thomas	0	0	0	True	STH	21	198800	2RF	
463	Graham	Campbell	0	0	0	True	STH	70	477900	CTW	
464	Gray	Jye	13	55.31	719	True	STH	68	551600	FLB	
465	Havili	Siliva	15	32.6	489	True	STH	44	303800	HOK	
466	Host	Jacob	14	35.93	503	True	STH	37	351700	2RF	
467	Hubner	Lachlan	4	19.5	78	True	STH	-24	232600	2RF	
468	Humphreys	Jamie	1	104	104	True	STH	-24	390900	HFB	
469	Johnston	Alex	13	44.31	576	True	STH	45	433700	CTW	
470	Keppie	Sean	21	36.19	760	True	STH	1	393300	FRF	
471	Koloamatangi	Keaon	24	63.25	1518	True	STH	100	581200	2RF	
472	Le Blanc	Liam	6	17	102	True	STH	15	232600	FRF	
473	Lovett	Ben	0	0	0	True	STH	22	214000	2RF	
474	Mamouzelos	Peter	18	30.94	557	True	STH	-27	372800	HOK	
475	McCarthy	Max	0	0	0	True	STH	21	198800	2RF	
476	Mellars	Haizyn	0	0	0	True	STH	21	198800	CTW	
477	Mitchell	Latrell	11	88.55	974	True	STH	90	866800	FLB	
478	Mitchell	Shaquai	6	30.67	184	True	STH	28	270200	FRF	
479	Moale	Davvy	23	39.83	916	True	STH	45	367200	FRF	
480	Munro	Tyrone	4	38.5	154	True	STH	19	397500	CTW	
481	Murray	Cameron	14	62.36	873	True	STH	64	610400	2RF	
482	Myers	Fletcher	5	41.2	206	True	STH	49	322600	CTW	
483	Schuster	Josh	0	0	0	True	STH	28	265100	2RF	
484	Tass	Isaiah	8	33.5	268	True	STH	48	336300	CTW	
485	Tatola	Tevita	6	39	234	True	STH	43	321300	FRF	
486	Taua	Nazareth	0	0	0	True	STH	21	198800	2RF	
487	Walker	Cody	21	57.19	1201	True	STH	73	511000	5/8	
488	Wighton	Jack	21	49.71	1044	True	STH	72	486700	5/8	
489	Butcher	Egan	8	31.75	254	True	SYD	32	310800	2RF	
490	Butcher	Nat	20	56.5	1130	True	SYD	58	553100	2RF	
491	Collins	Lindsay	20	43.2	864	True	SYD	59	422900	FRF	
492	Crichton	Angus	20	77.5	1550	True	SYD	94	716100	2RF	
493	Elliott	Jake	0	0	0	True	SYD	21	198800	HFB	
494	Leniu	Spencer	14	40.21	563	True	SYD	29	393700	FRF	
495	Moriarty	Tyler	0	0	0	True	SYD	21	198800	HOK	
496	Nawaqanitawase	Mark	1	64	64	True	SYD	18	480600	CTW	
497	Pauga	Junior	8	61.75	494	True	SYD	63	604500	CTW	
498	Radley	Victor	21	55.38	1163	True	SYD	108	542100	2RF	
499	Roberts	Ethan	0	0	0	True	SYD	21	198800	FRF	
500	Rodwell	Toby	0	0	0	True	SYD	21	198800	HFB	
501	Smith	Billy	0	0	0	True	SYD	33	317200	CTW	
502	Smith	Brandon	20	40.95	819	True	SYD	42	400900	HOK	
503	Smith	Sandon	11	24.27	267	True	SYD	-3	295700	HFB	
504	Steep	Blake	3	29.33	88	True	SYD	5	262800	2RF	
505	Tedesco	James	22	94	2068	True	SYD	94	865000	FLB	
506	Toia	Robert	0	0	0	True	SYD	18	277300	CTW	
507	Townsend	Chad	20	43.1	862	True	SYD	44	412900	HFB	
508	Tupou	Daniel	21	68.86	1446	True	SYD	24	674800	CTW	
509	Va'a	De La Salle	1	27	27	True	SYD	24	232600	FRF	
510	Va'a	Xavier	0	0	0	True	SYD	21	198800	FRF	
511	Walker	Sam	21	65.38	1373	True	SYD	67	640000	HFB	
512	Watson	Connor	18	59.56	1072	True	SYD	51	587500	2RF	
513	Whyte	Naufahu	20	37.5	750	True	SYD	-10	424900	2RF	
514	Wong	Siua	8	32.5	260	True	SYD	-10	363900	2RF	
515	Young	Dominic	19	71.63	1361	True	SYD	113	646500	CTW	
516	Bird	Jack	14	38.79	543	True	WST	55	357100	CTW	
517	Bula	Jahream	21	58.33	1225	True	WST	27	571000	FLB	
518	Craig	Will	0	0	0	True	WST	21	198800	CTW	
519	Da Silva	Tallyn	6	40.33	242	True	WST	38	341400	HOK	
520	Doueihi	Adam	7	49	343	True	WST	24	450300	5/8	
521	Fa'agutu	Chris	0	0	0	True	WST	21	198800	FRF	
522	Faataape	Solomona	17	36.29	617	True	WST	51	355300	CTW	
523	Fainu	Latu	9	25.33	228	True	WST	26	248000	5/8	
524	Fainu	Samuela	23	52.87	1216	True	WST	59	499700	2RF	
525	Feledy	Josh	2	39	78	True	WST	28	267200	CTW	
526	Galvin	Lachlan	21	63.76	1339	True	WST	46	629600	5/8	
527	Hunt	Royce	16	25.44	407	True	WST	28	240900	FRF	
528	Klemmer	David	20	37.45	749	True	STG	38	366600	FRF	
529	Koroisau	Apisai	22	62.55	1376	True	WST	64	612300	HOK	
530	Laulilii	Kit	1	16	16	True	WST	24	232600	2RF	
531	Laulilii	Luke	5	38	190	True	WST	31	297600	FLB	
532	Lobb	Alexander	3	16.33	49	True	WST	24	232600	CTW	
533	Luai	Jarome	21	59.48	1249	True	WST	121	509800	5/8	
534	Makasini	Heamasi	0	0	0	True	WST	21	198800	CTW	
535	Mason	Heath	7	31.43	220	True	WST	29	276900	FLB	
536	Matamua	Justin	7	31.57	221	True	WST	29	278100	2RF	
537	May	Terrell	24	61.04	1465	True	WST	40	638900	FRF	
538	Miller	Jordan	2	16.5	33	True	WST	24	232600	FRF	
539	Naden	Brent	9	34.56	311	True	WST	35	338300	CTW	
540	Olam	Justin	13	43.92	571	True	WST	45	430000	CTW	
541	Pole	Fonua	23	44.96	1034	True	WST	34	433000	2RF	
542	Porter	Reuben	8	45.25	362	True	WST	46	443000	2RF	
543	Rahme	Jaxson	0	0	0	True	WST	21	198800	2RF	
544	Saukuru	Solomone	0	0	0	True	WST	21	198800	CTW	
545	Seyfarth	Alex	23	44.48	1023	True	WST	20	453000	2RF	
546	Skelton	Jeral	4	63.75	255	True	WST	55	507100	CTW	
547	Staines	Charlie	22	41.59	915	True	WST	42	407100	CTW	
548	Sukkar	Tony	1	10	10	True	WST	24	232600	2RF	
549	Sullivan	Jayden	8	49.13	393	True	STH	95	385600	5/8	
550	To'a	Starford	3	13	39	True	WST	-17	288400	CTW	
551	Tumeth	Brandon	0	0	0	True	WST	22	214000	2RF	
552	Turuva	Sunia	20	58.95	1179	True	WST	-4	613200	CTW	
553	Twal	Alex	18	44.17	795	True	WST	37	459800	FRF	
554	Eisenhuth	Tom	24	52.71	1265	True	STG	54	516000	2RF	
555	Lawson	Nathan	None	None	None	True	STG	21	198800	CTW	
556	Ieremia	Dean	2	32.5	65	True	MEL	23	219900	CTW	
557	Murdoch-Masila	Ben	14	23.07	323	True	STG	24	225900	2RF	
558	Waddell	Corey	17	38.88	661	True	MNL	66	319600	2RF	
559	Dias	Austin	None	None	None	True	PTH	21	198800	FRF	
560	Stuart	Jed	None	None	None	True	CBR	21	198800	CTW	
561	Ieremia-Toeava	Eddie	None	None	None	True	NZL	21	198800	2RF	
562	*** Healey	Samuel	0	0	0	False	NZL	21	198800	HOK	
563	Shibasaki	Gehamat	1	29	29	True	BRO	5	317100	CTW	
564	Fainu	Sione	12	37.17	446	True	WST	61	306500	FRF	
565	Dockar-Clay	Zach	5	19.2	96	True	SYD	-3	273400	HOK	
566	Makatoa	Makahesi	10	24.5	245	True	SYD	35	239800	2RF	
567	King	Ethan	1	11	11	True	SYD	24	232600	CTW	
568	Savala	Hugo	None	None	None	True	SYD	36	198800	HFB	
569	Foketi	Salesi	None	None	None	True	SYD	11	198800	2RF	
570	Losalu	Taylor	None	None	None	True	SYD	26	198800	FRF	
571	Hope	Tristan	None	None	None	True	WST	21	198800	HOK	
572	Aoake	Logan	None	None	None	True	NEW	21	198800	CTW	
573	Ataata	Salesi	None	None	None	True	STH	21	198800	FRF	
574	King-Togia	Lyhkan	None	None	None	True	STG	21	198800	5/8	
575	Smith	Luke	None	None	None	True	BUL	21	198800	2RF	
576	Rinakama	Jethro	None	None	None	True	BUL	21	198800	CTW	
577	Bradley	Kane	4	24	96	True	MEL	24	232600	2RF	
578	Volkman	Ronald	None	None	None	True	PAR	10	214000	HFB	
579	Smith	Ryley	None	None	None	True	PAR	4	211600	HOK	
580	Jenkins	Thomas	5	22	110	True	PTH	-46	215000	CTW	
581	McCathie	Max	None	None	None	True	SYD	21	198800	2RF	
582	Bentley-Hape	Bayleigh	None	None	None	True	STH	24	198800	FLB	
583	Penitani	Talanoa	None	None	None	True	STH	21	198800	CTW	
584	Keir	Dan	6	22.17	133	True	PAR	23	217000	2RF	
585	Gray	Brock	None	None	None	True	GCT	33	198800	2RF	
586	Weaver	Tom	3	34.33	103	True	GCT	28	268000	HFB	
587	Williamson	Coby	None	None	None	True	MEL	21	198800	CTW	
588	McCarthy	Kyle	1	63	63	True	NEW	26	246700	CTW	
