player_id	last_name	first_name	team	position	total_games	total_score	average_score	price	breakeven	projected_score	projected_price	projected_price_change	active	
1	Arthars	Jesse	BRO	CTW	3	252	84	459400	-14	71	528600	69200	True	
2	Baker	Fletcher	BRO	FRF	0	0	0	355700	37	27	355700	0	True	
3	Black	Coby	BRO	HFB	0	0	0	198800	21	20	198800	0	True	
4	Bryce	Jett	BRO	2RF	0	0	0	198800	21	20	198800	0	True	
5	Bukowski	Cameron	BRO	HOK	0	0	0	198800	21	20	198800	0	True	
6	Carrigan	Patrick	BRO	2RF	3	209	69.6667	649000	87	70	635100	-13900	True	
7	Cobbo	Selwyn	BRO	CTW	3	169	56.3333	548100	88	59	524900	-23200	True	
8	Gosiewski	Jack	BRO	2RF	3	116	38.6667	267700	34	30	264600	-3100	True	
9	Haas	Payne	BRO	FRF	3	343	114.333	777600	4	101	856100	78500	True	
10	Hetherington	Kobe	BRO	2RF	3	132	44	359900	36	42	365100	5200	True	
11	Hoeter	Delouise	BRO	CTW	0	0	0	232600	24	42	232600	0	True	
12	Hunt	Ben	BRO	5/8	3	168	56	586500	97	63	559200	-27300	True	
13	Hunt	Jaiyden	BRO	2RF	0	0	0	242800	25	29	242800	0	True	
14	Jensen	Corey	BRO	FRF	3	115	38.3333	481700	69	45	462500	-19200	True	
15	Leota	Israel	BRO	CTW	0	0	0	198800	21	20	198800	0	True	
16	Madden	Jock	BRO	HFB	0	0	0	467900	49	36	467900	0	True	
17	Mam	Ezra	BRO	5/8	0	0	0	494600	52	38	494600	0	True	
18	Mariner	Deine	BRO	CTW	3	178	59.3333	539800	47	57	548000	8200	True	
19	Mozer	Blake	BRO	HOK	0	0	0	312000	33	34	312000	0	True	
20	Paix	Cory	BRO	HOK	3	138	46	285500	7	39	311200	25700	True	
21	Perham	Hayze	BRO	CTW	0	0	0	294600	31	36	294600	0	True	
22	Piakura	Brendan	BRO	2RF	3	38	12.6667	331100	55	20	303000	-28100	True	
23	Reynolds	Adam	BRO	HFB	3	294	98	612200	3	53	653200	41000	True	
24	Riki	Jordan	BRO	2RF	3	179	59.6667	497200	43	50	503200	6000	True	
25	Rogers	Josh	BRO	5/8	0	0	0	390600	41	39	390600	0	True	
26	Semu	VJ	BRO	FRF	0	0	0	198800	21	20	198800	0	True	
27	Smoothy	Tyson	BRO	HOK	0	0	0	369300	39	42	369300	0	True	
28	Staggs	Kotoni	BRO	CTW	0	0	0	514200	54	58	514200	0	True	
29	Taupau	Martin	BRO	FRF	0	0	0	353900	37	33	353900	0	True	
30	Te Kura	Benjamin	BRO	FRF	0	0	0	232600	24	27	232600	0	True	
31	Trew	Bailey	BRO	FLB	0	0	0	198800	21	20	198800	0	True	
32	Walsh	Reece	BRO	FLB	3	159	53	679900	149	54	603000	-76900	True	
33	Walters	Billy	BRO	HOK	3	80	26.6667	355800	76	31	319000	-36800	True	
34	Willison	Xavier	BRO	FRF	3	97	32.3333	412700	70	42	389800	-22900	True	
35	Alatini	Sosaia	BUL	2RF	0	0	0	198800	21	20	198800	0	True	
36	Amone	Tom	BUL	FRF	0	0	0	232600	24	24	232600	0	True	
37	Burton	Matt	BUL	5/8	2	105	52.5	648700	98	46	606500	-42200	True	
38	Crichton	Stephen	BUL	CTW	3	113	37.6667	477700	56	39	463600	-14100	True	
39	Curran	Joshua	BUL	2RF	2	127	63.5	546900	44	61	560500	13600	True	
40	Hayes	Harry	BUL	CTW	3	137	45.6667	386900	30	43	397400	10500	True	
41	Hayward	Bailey	BUL	2RF	3	96	32	302400	14	35	319700	17300	True	
42	Hopoi	Lipoi	BUL	2RF	0	0	0	232600	24	19	232600	0	True	
43	Hughes	Samuel	BUL	FRF	0	0	0	355700	37	34	355700	0	True	
44	Hutchison	Drew	BUL	HFB	0	0	0	412600	43	39	412600	0	True	
45	Kautoga	Kitione	PAR	2RF	2	65	32.5	232600	8	20	242500	9900	True	
46	Kikau	Viliame	BUL	2RF	2	174	87	523300	-10	58	578600	55300	True	
47	King	Max	BUL	FRF	3	170	56.6667	559900	59	52	554100	-5800	True	
48	Kiraz	Jacob	BUL	CTW	0	0	0	702800	73	42	702800	0	True	
49	Mahoney	Reed	BUL	HOK	3	135	45	529500	51	51	529700	200	True	
50	Mann	Kurt	BUL	2RF	3	133	44.3333	419000	40	47	424600	5600	True	
51	Montoya	Marcelo	BUL	CTW	3	172	57.3333	444500	24	49	464700	20200	True	
52	Morrin	Kurtis	BUL	2RF	1	18	18	299900	45	38	299900	0	True	
53	O'Neill	Joseph	BUL	HFB	0	0	0	198800	21	20	198800	0	True	
54	Oloapu	Karl	BUL	5/8	0	0	0	232600	24	27	232600	0	True	
55	Preston	Jacob	BUL	2RF	3	162	54	586000	70	52	571100	-14900	True	
56	Salmon	Jaeman	BUL	2RF	3	127	42.3333	417900	35	41	423000	5100	True	
57	Seve	Fanafou	BUL	FRF	0	0	0	198800	21	20	198800	0	True	
58	Sexton	Toby	BUL	HFB	3	124	41.3333	459500	62	36	438600	-20900	True	
59	Spinks	Logan	BUL	2RF	0	0	0	198800	21	20	198800	0	True	
60	Sua	Jonathan	BUL	CTW	0	0	0	232600	24	24	232600	0	True	
61	Suluka-Fifita	Daniel	BUL	FRF	2	67	33.5	232600	6	34	255500	22900	True	
62	Sutton	Ryan	BUL	FRF	0	0	0	232600	24	21	232600	0	True	
63	Taaffe	Blake	BUL	FLB	0	0	0	386700	40	23	386700	0	True	
64	Todd	Jack	BUL	2RF	0	0	0	198800	21	20	198800	0	True	
65	Tracey	Connor	BUL	CTW	3	206	68.6667	605300	73	58	592800	-12500	True	
66	Tuala	Enari	BUL	CTW	0	0	0	366100	38	26	366100	0	True	
67	Tupouniua	Sitili	BUL	2RF	3	167	55.6667	453200	78	42	424200	-29000	True	
68	Turpin	Jake	BUL	HOK	0	0	0	232600	24	12	232600	0	True	
69	Wilson	Blake	BUL	CTW	3	144	48	459400	52	50	458000	-1400	True	
70	Woods	Mitchell	BUL	HFB	0	0	0	198800	21	20	198800	0	True	
71	Xerri	Bronson	BUL	CTW	3	155	51.6667	516100	45	46	517300	1200	True	
72	Young	Patrick	BUL	2RF	0	0	0	198800	21	20	198800	0	True	
73	Asomua	Michael	CBR	CTW	0	0	0	198800	21	20	198800	0	True	
74	Clydsdale	Jake	CBR	FRF	0	0	0	198800	21	20	198800	0	True	
75	Fogarty	Jamal	CBR	HFB	3	176	58.6667	542400	45	53	549100	6700	True	
76	Guler	Emre	STG	FRF	2	103	51.5	331900	1	38	362000	30100	True	
77	Harawira-Naera	Corey	CBR	2RF	0	0	0	232600	24	36	232600	0	True	
78	Hopoate	Albert	CBR	CTW	1	25	25	454600	71	47	454600	0	True	
79	Horsburgh	Corey	CBR	2RF	3	203	67.6667	429900	-7	49	475700	45800	True	
80	Hosking	Zac	CBR	2RF	2	121	60.5	513900	40	50	522100	8200	True	
81	Kris	Sebastian	CBR	CTW	3	196	65.3333	461800	35	50	474400	12600	True	
82	Levi	Danny	CBR	HOK	0	0	0	322100	34	28	322100	0	True	
83	Mariota	Ata	CBR	FRF	3	83	27.6667	346500	51	28	327500	-19000	True	
84	Martin	Jordan	CBR	2RF	0	0	0	232600	24	17	232600	0	True	
85	Martin	Myles	CBR	FRF	0	0	0	198800	21	20	198800	0	True	
86	Martin	Noah	CBR	2RF	0	0	0	198800	21	20	198800	0	True	
87	Mooney	Trey	CBR	2RF	1	89	89	317500	-22	33	317500	0	True	
88	Nicholson	Matty	CBR	2RF	2	147	73.5	336000	-42	50	410500	74500	True	
89	Packer	Shaun	CBR	HOK	0	0	0	198800	21	20	198800	0	True	
90	Papalii	Josh	CBR	FRF	3	169	56.3333	465400	25	42	479500	14100	True	
91	Pattie	Owen	CBR	HOK	3	71	23.6667	205900	14	23	212900	7000	True	
92	Patuki-Case	Vena	CBR	FRF	0	0	0	198800	21	20	198800	0	True	
93	Roddy	Joe	CBR	2RF	0	0	0	198800	21	20	198800	0	True	
94	Sanders	Ethan	CBR	HFB	0	0	0	244700	26	45	244700	0	True	
95	Sasagi	Simi	CBR	2RF	3	66	22	334000	53	25	311700	-22300	True	
96	Saulo	Pasami	CBR	2RF	0	0	0	316900	33	35	316900	0	True	
97	Savage	Xavier	CBR	CTW	2	133	66.5	428300	1	47	465600	37300	True	
98	Smithies	Morgan	CBR	2RF	3	102	34	431200	92	39	388200	-43000	True	
99	Starling	Tom	CBR	HOK	3	219	73	433300	-20	67	504200	70900	True	
100	Stewart	Chevy	CBR	FLB	0	0	0	232600	24	26	232600	0	True	
101	Strange	Ethan	CBR	5/8	3	124	41.3333	462400	110	40	405900	-56500	True	
102	Taateo	Peter	CBR	FRF	0	0	0	198800	21	20	198800	0	True	
103	Tamale	Savelio	CBR	CTW	3	158	52.6667	301700	9	45	330600	28900	True	
104	Tapine	Joseph	CBR	FRF	1	51	51	655100	87	53	655100	0	True	
105	Timoko	Matthew	CBR	CTW	3	200	66.6667	549100	55	48	543500	-5600	True	
106	Waitere	Manaia	CBR	FLB	0	0	0	198800	21	20	198800	0	True	
107	Weekes	Kaeo	CBR	FLB	3	98	32.6667	475600	84	36	436800	-38800	True	
108	Young	Hudson	CBR	2RF	3	211	70.3333	682400	79	61	668200	-14200	True	
109	Averillo	Jake	DOL	CTW	3	123	41	491300	74	53	474500	-16800	True	
110	Bostock	Jack	DOL	CTW	1	55	55	515400	53	44	515400	0	True	
111	Bromwich	Kenny	DOL	2RF	0	0	0	396900	41	39	396900	0	True	
112	Donoghoe	Kurt	DOL	HOK	3	82	27.3333	240000	31	25	235100	-4900	True	
113	Farnworth	Herbie	DOL	CTW	3	208	69.3333	712100	80	98	726900	14800	True	
114	Feagai	Max	DOL	CTW	0	0	0	353200	37	33	353200	0	True	
115	Finefeuiaki	Kulikefu	DOL	2RF	2	80	40	368200	35	31	364800	-3400	True	
116	Flegler	Thomas	DOL	FRF	0	0	0	462000	48	56	462000	0	True	
117	Fuller	Trai	DOL	FLB	0	0	0	633600	66	62	633600	0	True	
118	Gilbert	Tom	DOL	2RF	3	158	52.6667	472900	54	49	468800	-4100	True	
119	Graham	Harrison	DOL	HOK	0	0	0	232600	24	28	232600	0	True	
120	Isaako	Jamayne	DOL	CTW	3	165	55	594000	117	50	539700	-54300	True	
121	Jackson	Ryan	DOL	FRF	0	0	0	198800	21	20	198800	0	True	
122	Katoa	Isaiya	DOL	HFB	3	212	70.6667	463600	-15	47	513900	50300	True	
123	Kaufusi	Felise	DOL	2RF	3	94	31.3333	383000	60	31	359600	-23400	True	
124	Keeley	Oryn	DOL	2RF	2	41	20.5	274600	45	31	263300	-11300	True	
125	Kerr	Josh	DOL	FRF	2	67	33.5	384900	53	28	364300	-20600	True	
126	Lemuelu	Connelly	DOL	2RF	1	16	16	483500	86	35	483500	0	True	
127	Marshall-King	Jeremy	DOL	HOK	3	141	47	528500	81	40	494900	-33600	True	
128	Naufahu	Tevita	DOL	CTW	0	0	0	198800	21	20	198800	0	True	
129	Nicholls	Mark	DOL	FRF	2	76	38	434500	60	39	417500	-17000	True	
130	Nikorima	Kodi	DOL	5/8	2	70	35	500200	87	42	464000	-36200	True	
131	O'Sullivan	Sean	DOL	HFB	1	44	44	240800	6	30	240800	0	True	
132	Plath	Max	DOL	2RF	3	187	62.3333	612500	88	61	590900	-21600	True	
133	Rasmussen	Elijah	DOL	CTW	0	0	0	198800	21	20	198800	0	True	
134	Saifiti	Daniel	DOL	FRF	3	175	58.3333	462700	20	63	497800	35100	True	
135	Stone	Ray	DOL	2RF	3	98	32.6667	359100	41	33	352300	-6800	True	
136	Symonds	Lewis	DOL	2RF	0	0	0	198800	21	20	198800	0	True	
137	Tabuai-Fidow	Hamiso	DOL	FLB	3	132	44	594600	134	49	525500	-69100	True	
138	Tawha	Aublix	DOL	CTW	0	0	0	198800	21	20	198800	0	True	
139	Teague	Mason	DOL	2RF	0	0	0	232600	24	17	232600	0	True	
140	Tupou	Junior	DOL	CTW	2	62	31	381800	57	39	366800	-15000	True	
141	Walsh	James	DOL	2RF	0	0	0	198800	21	20	198800	0	True	
142	Waqa	Michael	DOL	FRF	0	0	0	198800	21	20	198800	0	True	
143	Alick-Wiencke	Jacob	GCT	2RF	0	0	0	295100	31	34	295100	0	True	
144	Brimson	Alexander	GCT	5/8	2	64	32	539200	105	38	485000	-54200	True	
145	Campbell	Jayden	GCT	5/8	2	163	81.5	700200	56	63	705800	5600	True	
146	Campbell-Gillard	Reagan	GCT	FRF	2	62	31	495600	93	46	457400	-38200	True	
147	de Groot	Jaylan	GCT	CTW	0	0	0	232600	24	33	232600	0	True	
148	Fa'asuamaleaui	Iszac	GCT	FRF	1	6	6	232600	43	16	232600	0	True	
149	Fa'asuamaleaui	Tino	GCT	2RF	2	170	85	531300	-4	52	576600	45300	True	
150	Fermor	Beau	GCT	2RF	2	148	74	593100	38	72	621000	27900	True	
151	Fifita	David	GCT	2RF	2	89	44.5	749400	146	45	667900	-81500	True	
152	Fifita	Jojo	GCT	CTW	2	110	55	487400	43	36	482200	-5200	True	
153	Foran	Kieran	GCT	5/8	0	0	0	461500	48	27	461500	0	True	
154	Foran	Ryan	GCT	2RF	0	0	0	198800	21	20	198800	0	True	
155	Fotuaika	Moeaki	GCT	FRF	2	92	46	464000	53	49	460600	-3400	True	
156	Francis	Tony	GCT	CTW	1	14	14	232600	35	21	232600	0	True	
157	Gordon	Carter	GCT	CTW	0	0	0	336000	35	34	336000	0	True	
158	Haas	Klese	GCT	2RF	2	78	39	404500	49	45	401600	-2900	True	
159	Harrison	Zane	GCT	HFB	0	0	0	198800	21	20	198800	0	True	
160	Hau	Arama	GCT	FRF	0	0	0	232600	24	22	232600	0	True	
161	Jolliffe	Jaimin	GCT	FRF	1	32	32	482700	70	46	482700	0	True	
162	Kelly	Brian	GCT	CTW	2	107	53.5	587800	77	47	563500	-24300	True	
163	Khan-Pereira	Alofiana	GCT	CTW	1	71	71	508600	36	54	508600	0	True	
164	Kini	Keano	GCT	FLB	2	130	65	707900	92	76	695300	-12600	True	
165	Liyou	Ben	GCT	FRF	0	0	0	198800	21	20	198800	0	True	
166	Maumalo	Ken	GCT	CTW	0	0	0	214000	22	20	214000	0	True	
167	Pahulu	Josiah	GCT	FRF	0	0	0	254000	26	23	254000	0	True	
168	Randall	Chris	GCT	HOK	2	59	29.5	510300	101	52	470800	-39500	True	
169	Sami	Phillip	GCT	CTW	2	106	53	585100	77	55	567200	-17900	True	
170	Simpkins	Tukimihia	GCT	2RF	0	0	0	198800	21	20	198800	0	True	
171	Smith-Shields	Harley	GCT	CTW	0	0	0	250600	26	28	250600	0	True	
172	Stephenson	Sam	GCT	CTW	0	0	0	198800	21	20	198800	0	True	
173	Verrills	Sam	GCT	HOK	2	116	58	416400	14	55	449400	33000	True	
174	Anderson	Grant	MEL	CTW	1	49	49	444700	45	43	444700	0	True	
175	Asofa-Solomona	Nelson	MEL	FRF	1	7	7	363300	70	37	363300	0	True	
176	Blore	Shawn	MEL	2RF	2	96	48	534200	71	47	514600	-19600	True	
177	Chan	Joe	MEL	2RF	0	0	0	267000	28	26	267000	0	True	
178	Coates	Xavier	MEL	CTW	2	115	57.5	497000	41	52	506300	9300	True	
179	Fa'alogo	Sua	MEL	CTW	0	0	0	527200	55	64	527200	0	True	
180	Garlick	Bronson	MEL	HOK	0	0	0	260400	27	40	260400	0	True	
181	Grant	Harry	MEL	HOK	2	87	43.5	691600	129	81	652300	-39300	True	
182	Howarth	Jack	MEL	CTW	2	135	67.5	426200	-2	51	468900	42700	True	
183	Huen	Stanley	MEL	5/8	0	0	0	198800	21	20	198800	0	True	
184	Hughes	Jahrome	MEL	HFB	2	122	61	805200	130	103	783300	-21900	True	
185	Kamikamica	Tui	MEL	FRF	2	80	40	342600	27	35	349000	6400	True	
186	Katoa	Eliesa	MEL	2RF	2	162	81	717300	62	64	718500	1200	True	
187	King	Josh	MEL	FRF	2	122	61	488200	31	53	506200	18000	True	
188	Leo	Moses	MEL	CTW	0	0	0	214000	22	22	214000	0	True	
189	Loiero	Trent	MEL	2RF	2	78	39	512400	82	48	484500	-27900	True	
190	MacDonald	Alec	MEL	2RF	2	56	28	341100	51	30	324300	-16800	True	
191	Meaney	Nick	MEL	CTW	2	144	72	619000	50	72	637100	18100	True	
192	Munster	Cameron	MEL	5/8	2	160	80	609000	31	69	640200	31200	True	
193	Papenhuyzen	Ryan	MEL	FLB	2	197	98.5	616700	-4	48	658900	42200	True	
194	Pezet	Jonah	MEL	5/8	0	0	0	276100	29	31	276100	0	True	
195	Utoikamanu	Stefano	MEL	FRF	2	70	35	529000	96	44	487100	-41900	True	
196	Vaalepu	Lazarus	MEL	FRF	1	29	29	232600	20	31	232600	0	True	
197	Warbrick	William	MEL	CTW	1	43	43	522500	68	97	522500	0	True	
198	*** Welch	Christian	MEL	FRF	0	0	0	400200	42	43	400200	0	False	
199	Wishart	Tyran	MEL	5/8	2	85	42.5	556700	89	73	543500	-13200	True	
200	Aloiai	Josh	MNL	FRF	2	70	35	337200	36	34	335900	-1300	True	
201	Arthur	Jakob	MNL	HFB	0	0	0	232600	24	44	232600	0	True	
202	Brooks	Luke	MNL	5/8	3	105	35	479900	83	40	444900	-35000	True	
203	Brown	Nathan	MNL	2RF	0	0	0	387600	40	34	387600	0	True	
204	Bullemor	Ethan	MNL	FRF	3	183	61	414900	12	38	436100	21200	True	
205	Chan Kum Tong	Gordon	MNL	HOK	0	0	0	232600	24	15	232600	0	True	
206	Chee-Kam	Michael	MNL	2RF	0	0	0	374400	39	36	374400	0	True	
207	Cherry-Evans	Daly	MNL	HFB	3	283	94.3333	711900	70	72	713700	1800	True	
208	Croker	Lachlan	MNL	HOK	0	0	0	334200	35	28	334200	0	True	
209	Faulalo	Clayton	MNL	CTW	2	36	18	232600	37	28	225500	-7100	True	
210	Garrick	Reuben	MNL	CTW	3	297	99	748500	23	108	817300	68800	True	
211	Hopoate	Lehi	MNL	FLB	3	167	55.6667	575000	79	57	557200	-17800	True	
212	James	Aitasi	MNL	2RF	0	0	0	232600	24	21	232600	0	True	
213	Koula	Tolutau	MNL	CTW	2	57	28.5	455400	86	45	422600	-32800	True	
214	Matterson	Dean	MNL	2RF	0	0	0	214000	22	15	214000	0	True	
215	Navale	Caleb	MNL	2RF	0	0	0	236400	25	32	236400	0	True	
216	Olakau'atu	Haumole	MNL	2RF	3	227	75.6667	680900	86	67	665400	-15500	True	
217	Paseka	Taniela	MNL	FRF	3	144	48	446500	67	41	425700	-20800	True	
218	Patolo	Chris	MNL	FRF	0	0	0	232600	24	8	232600	0	True	
219	Saab	Jason	MNL	CTW	3	245	81.6667	593200	48	106	640500	47300	True	
220	Schoupp	Aaron	MNL	CTW	0	0	0	242100	25	36	242100	0	True	
221	Simpkin	Jake	MNL	HOK	3	125	41.6667	338700	22	28	343600	4900	True	
222	Sipley	Toafofoa	MNL	FRF	2	104	52	368200	11	44	394800	26600	True	
223	Talau	Tommy	MNL	CTW	0	0	0	526300	55	46	526300	0	True	
224	Taukei'aho	Siua	MNL	2RF	2	75	37.5	453300	67	43	433900	-19400	True	
225	Tevaga	Jazz	MNL	2RF	3	79	26.3333	339300	56	36	322900	-16400	True	
226	Trbojevic	Ben	MNL	CTW	3	141	47	427600	40	28	418000	-9600	True	
227	Trbojevic	Jake	MNL	2RF	3	122	40.6667	474400	77	47	449700	-24700	True	
228	Trbojevic	Tom	MNL	FLB	2	172	86	875600	102	80	857800	-17800	True	
229	Tuaimalo Vaega	Raymond	MNL	CTW	0	0	0	349500	36	47	349500	0	True	
230	Walsh	Joey	MNL	HFB	0	0	0	198800	21	20	198800	0	True	
231	Annan	Taj	NEW	CTW	0	0	0	214000	22	0	214000	0	True	
232	Arthur	Matt	NEW	HOK	0	0	0	232600	24	0	232600	0	True	
233	Best	Bradman	NEW	CTW	3	248	82.6667	622700	-13	0	622700	0	True	
234	Brailey	Jayden	NEW	HOK	3	75	25	370200	75	0	370200	0	True	
235	Bryan	Paul	NEW	FRF	0	0	0	198800	21	0	198800	0	True	
236	Cant	Thomas	NEW	2RF	1	88	88	274100	-30	0	274100	0	True	
237	Cogger	Jack	NEW	HFB	3	81	27	365200	60	0	365200	0	True	
238	Croker	Matt	NEW	2RF	3	129	43	365700	18	0	365700	0	True	
239	Crossland	Phoenix	NEW	HFB	3	123	41	354800	39	0	354800	0	True	
240	De Courcey	Wilson	NEW	CTW	0	0	0	198800	21	0	198800	0	True	
241	Elliott	Adam	NEW	2RF	2	131	65.5	561100	45	0	561100	0	True	
242	Frizell	Tyson	NEW	2RF	3	122	40.6667	493000	73	0	493000	0	True	
243	Gagai	Dane	NEW	CTW	3	174	58	659400	80	0	659400	0	True	
244	Gamble	Tyson	NEW	5/8	0	0	0	418700	44	0	418700	0	True	
245	Hastings	Jackson	NEW	HFB	0	0	0	554300	58	0	554300	0	True	
246	Hetherington	Jack	NEW	2RF	3	74	24.6667	297600	46	0	297600	0	True	
247	Hopwood	Cody	NEW	FRF	0	0	0	198800	21	0	198800	0	True	
248	Jones	Brodie	NEW	2RF	2	49	24.5	324200	52	0	324200	0	True	
249	Jones	Riley	NEW	HOK	0	0	0	214000	22	0	214000	0	True	
250	Lucas	Dylan	NEW	2RF	2	172	86	616700	21	0	616700	0	True	
251	Manuleleua	Francis	NEW	2RF	0	0	0	214000	22	0	214000	0	True	
252	Marzhew	Greg	NEW	CTW	3	205	68.3333	549600	50	0	549600	0	True	
253	McEwen	Jermaine	NEW	2RF	1	31	31	198800	11	0	198800	0	True	
254	Pearce-Paul	Kai	NEW	2RF	2	105	52.5	525300	59	0	525300	0	True	
255	Ponga	Kalyn	NEW	FLB	3	256	85.3333	797400	76	0	797400	0	True	
256	Pryce	Will	NEW	5/8	0	0	0	310100	32	0	310100	0	True	
257	Saifiti	Jacob	NEW	FRF	3	107	35.6667	435500	70	0	435500	0	True	
258	Schiller	James	NEW	CTW	3	182	60.6667	532100	36	0	532100	0	True	
259	Sharpe	Fletcher	NEW	FLB	3	219	73	652500	68	0	652500	0	True	
260	Su'a	Sebastian	NEW	FRF	0	0	0	232600	24	0	232600	0	True	
261	Thompson	Leo	NEW	FRF	2	99	49.5	494800	56	0	494800	0	True	
262	Thompson	Tyrone	NEW	2RF	0	0	0	198800	21	0	198800	0	True	
263	Votano	Connor	NEW	FLB	0	0	0	198800	21	0	198800	0	True	
264	Bateman	John	NQC	2RF	3	157	52.3333	517500	68	56	507800	-9700	True	
265	Bitungane	Emarly	NQC	2RF	0	0	0	198800	21	20	198800	0	True	
266	Burns	Braidon	NQC	CTW	2	85	42.5	559900	90	54	530500	-29400	True	
267	Chester	Tom	NQC	CTW	0	0	0	278800	29	29	278800	0	True	
268	Clifford	Jake	NQC	HFB	1	50	50	533000	63	70	533000	0	True	
269	Cotter	Reuben	NQC	2RF	3	127	42.3333	521000	75	42	494200	-26800	True	
270	Dearden	Thomas	NQC	5/8	3	67	22.3333	500300	108	38	443900	-56400	True	
271	Derby	Robert	NQC	CTW	1	34	34	214000	11	28	214000	0	True	
272	Drinkwater	Scott	NQC	FLB	3	189	63	728000	111	69	694000	-34000	True	
273	Duffy	Tom	NQC	HFB	2	49	24.5	198800	13	22	205900	7100	True	
274	Edwards	Harrison	NQC	2RF	2	87	43.5	317400	12	38	338200	20800	True	
275	Herdegen	Zac	NQC	HFB	0	0	0	198800	21	20	198800	0	True	
276	Hess	Coen	NQC	2RF	3	104	34.6667	328400	36	35	327800	-600	True	
277	Kira	Mason	NQC	2RF	0	0	0	198800	21	20	198800	0	True	
278	Lahrs	Kaiden	NQC	FRF	0	0	0	198800	21	20	198800	0	True	
279	Lawton	Karl	NQC	2RF	2	36	18	330600	67	22	293700	-36900	True	
280	Laybutt	Zac	NQC	CTW	0	0	0	389600	41	39	389600	0	True	
281	Luki	Heilum	NQC	2RF	0	0	0	505600	53	42	505600	0	True	
282	McIntyre	Sam	NQC	2RF	3	137	45.6667	407000	43	49	411500	4500	True	
283	McLean	Jordan	NQC	FRF	3	104	34.6667	363700	42	35	358200	-5500	True	
284	Mikaele	Thomas	NQC	FRF	0	0	0	276500	29	31	276500	0	True	
285	Nanai	Jeremiah	NQC	2RF	2	41	20.5	619500	153	32	521400	-98100	True	
286	Neame	Griffin	NQC	FRF	3	115	38.3333	393400	39	38	392500	-900	True	
287	O'Donnell	Kai	NQC	2RF	2	71	35.5	336000	34	35	336700	700	True	
288	Paulo	Jaxson	NQC	CTW	0	0	0	335300	35	28	335300	0	True	
289	Purdue	Jaxon	NQC	CTW	3	131	43.6667	298000	-10	34	333500	35500	True	
290	Robson	Reece	NQC	HOK	3	101	33.6667	522500	90	46	487200	-35300	True	
291	Shibasaki	Jamal	NQC	FRF	0	0	0	232600	24	20	232600	0	True	
292	Sullivan	Wil	NQC	FRF	0	0	0	198800	21	20	198800	0	True	
293	Taulagi	Murray	NQC	CTW	3	127	42.3333	554500	70	53	541000	-13500	True	
294	Taumalolo	Jason	NQC	FRF	1	51	51	359400	24	41	359400	0	True	
295	Vailea	Viliami	NQC	CTW	3	118	39.3333	400700	79	39	368000	-32700	True	
296	Valemei	Semi	NQC	CTW	0	0	0	386400	40	39	386400	0	True	
297	Afoa	Bunty	NZL	2RF	0	0	0	242600	25	23	242600	0	True	
298	Ale	Tom	NZL	FRF	0	0	0	245400	26	22	245400	0	True	
299	Barnett	Mitchell	NZL	2RF	3	149	49.6667	614100	98	57	580700	-33400	True	
300	Berry	Rocco	NZL	CTW	0	0	0	438900	46	44	438900	0	True	
301	Boyd	Tanah	NZL	5/8	0	0	0	329600	34	28	329600	0	True	
302	Capewell	Kurt	NZL	2RF	3	144	48	482800	58	50	476300	-6500	True	
303	Capper	Kahu	NZL	CTW	0	0	0	198800	21	20	198800	0	True	
304	Clark	Erin	NZL	2RF	3	154	51.3333	416800	23	39	429400	12600	True	
305	Cleary	Jett	NZL	HFB	0	0	0	198800	21	20	198800	0	True	
306	Egan	Wayde	NZL	HOK	3	213	71	539500	4	62	586700	47200	True	
307	Fisher-Harris	James	NZL	FRF	3	186	62	560600	50	80	584600	24000	True	
308	Ford	Jackson	NZL	2RF	3	151	50.3333	531500	65	62	528800	-2700	True	
309	Going	Kalani	NZL	2RF	0	0	0	198800	21	20	198800	0	True	
310	Halasima	Leka	NZL	2RF	3	84	28	241700	15	20	246100	4400	True	
311	*** Harris	Tohu	NZL	2RF	0	0	0	555200	58	62	555200	0	False	
312	Harris-Tavita	Chanel	NZL	5/8	3	175	58.3333	388500	-2	50	431000	42500	True	
313	Healey	Sam	NZL	HOK	0	0	0	198800	21	20	198800	0	True	
314	Kosi	Edward	NZL	CTW	0	0	0	324200	34	48	324200	0	True	
315	Laban	Jacob	NZL	2RF	0	0	0	232600	24	28	232600	0	True	
316	Leiataua	Ali	NZL	CTW	3	203	67.6667	548100	2	70	603700	55600	True	
317	Lussick	Freddy	NZL	HOK	0	0	0	272000	28	23	272000	0	True	
318	Maiu'u	Zyon	BUL	2RF	0	0	0	232600	24	20	232600	0	True	
319	Martin	Te Maire	NZL	5/8	0	0	0	663200	69	67	663200	0	True	
320	Metcalf	Luke	NZL	5/8	3	152	50.6667	453800	2	50	492700	38900	True	
321	Nicoll-Klokstad	Charnze	NZL	FLB	3	183	61	643000	48	64	655800	12800	True	
322	Niukore	Marata	NZL	2RF	3	91	30.3333	377400	51	36	365200	-12200	True	
323	Pasikala	Motu	NZL	FLB	0	0	0	198800	21	20	198800	0	True	
324	Pompey	Adam	NZL	CTW	3	128	42.6667	385100	48	40	379000	-6100	True	
325	Stowers-Smith	Tanner	NZL	FRF	0	0	0	198800	21	20	198800	0	True	
326	Tuaupiki	Taine	NZL	CTW	3	148	49.3333	463000	27	58	488200	25200	True	
327	Tuivasa-Sheck	Roger	NZL	CTW	3	173	57.6667	553100	73	63	544900	-8200	True	
328	Vaimauga	Demitric	NZL	2RF	3	54	18	217400	30	22	210900	-6500	True	
329	Walker	Dylan	NZL	2RF	3	92	30.6667	436400	81	38	401900	-34500	True	
330	Watene-Zelezniak	Dallin	NZL	CTW	0	0	0	537100	56	62	537100	0	True	
331	Addo-Carr	Josh	PAR	CTW	1	48	48	542600	67	47	542600	0	True	
332	Brown	Dylan	PAR	5/8	3	168	56	622600	100	65	594400	-28200	True	
333	Cartwright	Bryce	PAR	2RF	0	0	0	560900	59	48	560900	0	True	
334	Doorey	Matthew	PAR	2RF	3	84	28	241700	11	30	257400	15700	True	
335	Dunster	Haze	PAR	CTW	0	0	0	214000	22	23	214000	0	True	
336	Greig	Wiremu	PAR	FRF	0	0	0	232600	24	17	232600	0	True	
337	Guymer	Charlie	PAR	2RF	1	25	25	232600	24	37	232600	0	True	
338	Hands	Brendan	PAR	HOK	2	23	11.5	349300	86	35	307700	-41600	True	
339	Hawkins	Dean	PAR	HFB	1	28	28	332800	42	32	332800	0	True	
340	Hopgood	J'maine	PAR	2RF	3	168	56	626900	86	54	600800	-26100	True	
341	Iongi	Isaiah	PAR	FLB	3	151	50.3333	296000	11	46	324700	28700	True	
342	Lane	Shaun	PAR	2RF	2	68	34	508200	91	43	469200	-39000	True	
343	Lomax	Zac	PAR	CTW	3	215	71.6667	751700	67	75	758000	6300	True	
344	Lussick	Joey	PAR	HOK	1	26	26	344700	47	26	344700	0	True	
345	Mataele	Toni	PAR	2RF	0	0	0	198800	21	20	198800	0	True	
346	Matterson	Ryan	PAR	2RF	0	0	0	509600	53	60	509600	0	True	
347	Moretti	Luca	PAR	2RF	0	0	0	337300	35	38	337300	0	True	
348	Moses	Mitchell	PAR	HFB	0	0	0	628900	66	62	628900	0	True	
349	Ofahengaue	Joe	PAR	2RF	3	86	28.6667	396000	58	36	378200	-17800	True	
350	Papalii	Joash	PAR	FLB	0	0	0	198800	21	20	198800	0	True	
351	Paulo	Junior	PAR	FRF	3	130	43.3333	472900	50	43	467200	-5700	True	
352	Penisini	Richard	PAR	CTW	0	0	0	198800	21	20	198800	0	True	
353	Penisini	Will	PAR	CTW	3	212	70.6667	601000	55	66	609900	8900	True	
354	Pryke	Saxon	PAR	2RF	0	0	0	198800	21	20	198800	0	True	
355	Russell	Sean	PAR	CTW	2	69	34.5	371500	47	32	359100	-12400	True	
356	Samrani	Jordan	PAR	CTW	2	93	46.5	198800	-31	31	249000	50200	True	
357	Simonsson	Bailey	PAR	CTW	0	0	0	447400	47	47	447400	0	True	
358	Tago	Jake	PAR	CTW	1	29	29	281900	30	30	281900	0	True	
359	Tuilagi	Kelma	PAR	2RF	1	27	27	433800	65	41	433800	0	True	
360	Tuivaiti	Sam	PAR	FRF	3	56	18.6667	198800	28	19	197800	-1000	True	
361	Williams	Jack	PAR	2RF	3	157	52.3333	467300	32	61	490600	23300	True	
362	Alamoti	Paul	PTH	CTW	3	251	83.6667	640700	14	59	676800	36100	True	
363	Cleary	Nathan	PTH	HFB	3	150	50	727200	146	57	655300	-71900	True	
364	Cole	Jack	PTH	5/8	3	132	44	442300	48	34	430600	-11700	True	
365	Edwards	Dylan	PTH	FLB	2	125	62.5	839000	138	83	794700	-44300	True	
366	Eisenhuth	Matthew	PTH	2RF	2	53	26.5	302200	42	25	288800	-13400	True	
367	Fale	David	PTH	CTW	0	0	0	198800	21	20	198800	0	True	
368	Garner	Luke	PTH	2RF	3	109	36.3333	499000	121	60	449300	-49700	True	
369	Geyer	Mavrik	PTH	2RF	0	0	0	237600	25	32	237600	0	True	
370	Hassett	Harrison	PTH	2RF	0	0	0	198800	21	20	198800	0	True	
371	Henry	Liam	PTH	FRF	2	82	41	448000	58	44	436500	-11500	True	
372	Kenny	Mitchell	PTH	HOK	3	98	32.6667	426000	76	37	394100	-31900	True	
373	Kepaoa	Asu	PTH	2RF	0	0	0	370000	39	42	370000	0	True	
374	Laurie	Daine	PTH	FLB	2	110	55	514600	51	74	533200	18600	True	
375	Leota	Moses	PTH	FRF	3	114	38	377600	47	36	368600	-9000	True	
376	Luke	Soni	PTH	HOK	0	0	0	303500	32	44	303500	0	True	
377	Martin	Liam	PTH	2RF	3	131	43.6667	431900	62	55	426100	-5800	True	
378	McLean	Casey	PTH	CTW	3	142	47.3333	445700	1	49	484200	38500	True	
379	McLean	Jesse	PTH	CTW	0	0	0	234900	25	38	234900	0	True	
380	Papali'i	Isaiah	PTH	2RF	2	71	35.5	585500	112	45	531000	-54500	True	
381	Patea	Luron	PTH	FRF	1	19	19	232600	30	25	232600	0	True	
382	Price	Riley	PTH	2RF	0	0	0	214000	22	22	214000	0	True	
383	Riki	Preston	PTH	2RF	0	0	0	232600	24	25	232600	0	True	
384	Sagaga	John	PTH	FRF	0	0	0	198800	21	20	198800	0	True	
385	Schneider	Brad	PTH	HFB	0	0	0	532700	56	61	532700	0	True	
386	Scott	Billy	PTH	HOK	0	0	0	198800	21	20	198800	0	True	
387	Smith	Lindsay	PTH	FRF	3	197	65.6667	550900	48	55	556300	5400	True	
388	Sommerton	Luke	PTH	HOK	0	0	0	294700	31	43	294700	0	True	
389	Sorensen	Scott	PTH	2RF	3	131	43.6667	468500	56	42	457500	-11000	True	
390	Tago	Izack	PTH	CTW	3	123	41	473900	82	35	435500	-38400	True	
391	Talagi	Blaize	PTH	CTW	1	63	63	562600	56	66	562600	0	True	
392	To'o	Brian	PTH	CTW	2	140	70	688000	75	52	669100	-18900	True	
393	Toelau	Trent	PTH	5/8	0	0	0	232600	24	11	232600	0	True	
394	Yeo	Isaah	PTH	2RF	3	187	62.3333	694200	120	65	649400	-44800	True	
395	Atkinson	Daniel	SHA	5/8	3	53	17.6667	354900	72	28	319100	-35800	True	
396	Berrell	Jayden	SHA	HOK	0	0	0	232600	24	14	232600	0	True	
397	Brailey	Blayke	SHA	HOK	3	163	54.3333	519700	62	54	513500	-6200	True	
398	Burns	Billy	SHA	2RF	0	0	0	337100	35	22	337100	0	True	
399	Colquhoun	Jesse	SHA	2RF	0	0	0	232600	24	15	232600	0	True	
400	Coutts	Dylan	SHA	2RF	0	0	0	198800	21	20	198800	0	True	
401	Dykes	Kade	SHA	FLB	0	0	0	198800	21	28	198800	0	True	
402	Fonua-Blake	Addin	SHA	FRF	3	199	66.3333	688600	108	75	661400	-27200	True	
403	Gabrael	Michael	SHA	CTW	0	0	0	198800	21	20	198800	0	True	
404	Hamlin-Uele	Braden	SHA	FRF	3	79	26.3333	291200	45	39	286200	-5000	True	
405	Hau Tapuha	Tuku	SHA	FRF	2	51	25.5	235900	23	22	235300	-600	True	
406	Hazelton	Thomas	SHA	FRF	1	36	36	516600	73	51	516600	0	True	
407	Hiroti	Mawene	SHA	CTW	0	0	0	288800	30	45	288800	0	True	
408	Hynes	Nicholas	SHA	HFB	3	251	83.6667	752400	34	82	791000	38600	True	
409	Iro	Kayal	SHA	CTW	3	261	87	689800	20	78	737000	47200	True	
410	Ison	Liam	SHA	FLB	0	0	0	293700	31	42	293700	0	True	
411	Katoa	Sione	SHA	CTW	0	0	0	559800	58	56	559800	0	True	
412	Kaufusi	Oregon	SHA	FRF	3	106	35.3333	397900	42	38	395000	-2900	True	
413	Kennedy	William	SHA	FLB	3	192	64	507900	16	58	542000	34100	True	
414	McInnes	Cameron	SHA	2RF	3	164	54.6667	570000	75	65	561500	-8500	True	
415	Mulitalo	Ronaldo	SHA	CTW	3	214	71.3333	669200	23	82	716700	47500	True	
416	Nikora	Briton	SHA	2RF	3	185	61.6667	659000	87	66	641800	-17200	True	
417	Pollard	Riley	SHA	HFB	0	0	0	198800	21	20	198800	0	True	
418	Puru	Hohepa	SHA	2RF	0	0	0	214000	22	24	214000	0	True	
419	Puru	Niwhai	SHA	5/8	0	0	0	198800	21	20	198800	0	True	
420	Ramien	Jesse	SHA	CTW	3	186	62	625400	103	56	587500	-37900	True	
421	Rudolf	Toby	SHA	FRF	0	0	0	429100	45	41	429100	0	True	
422	Stonestreet	Sam	SHA	CTW	3	170	56.6667	517700	32	60	540400	22700	True	
423	Talakai	Siosifa	SHA	2RF	3	84	28	403800	73	39	375900	-27900	True	
424	Trindall	Braydon	SHA	HFB	3	206	68.6667	580400	33	43	588800	8400	True	
425	Vea'ila	Chris	SHA	CTW	0	0	0	198800	21	20	198800	0	True	
426	Wilton	Teig	SHA	2RF	3	180	60	557600	48	68	573500	15900	True	
427	Ackers	Corey	STG	2RF	0	0	0	198800	21	20	198800	0	True	
428	Allan	Corey	STG	CTW	0	0	0	232600	24	32	232600	0	True	
429	Cook	Damien	STG	HOK	2	83	41.5	662300	124	48	600400	-61900	True	
430	Couchman	Ryan	STG	2RF	1	0	0	265800	56	18	265800	0	True	
431	Couchman	Toby	STG	2RF	2	130	65	483200	21	55	510600	27400	True	
432	de Belin	Jack	STG	2RF	2	93	46.5	551000	79	56	532000	-19000	True	
433	Egan	Dylan	STG	2RF	0	0	0	198800	21	20	198800	0	True	
434	Faitala-Mariner	Raymond	STG	2RF	2	40	20	416500	90	31	368400	-48100	True	
435	Feagai	Mathew	STG	CTW	1	17	17	414400	71	30	414400	0	True	
436	Fifita	Viliami	STG	2RF	0	0	0	232600	24	15	232600	0	True	
437	Finau	Sione	STG	CTW	0	0	0	279000	29	35	279000	0	True	
438	Flanagan	Kyle	STG	5/8	2	107	53.5	403800	19	56	433500	29700	True	
439	Gutherson	Clint	STG	FLB	2	259	129.5	675400	-48	86	783900	108500	True	
440	Halangahu	Jacob	STG	2RF	0	0	0	198800	21	20	198800	0	True	
441	Holmes	Valentine	STG	CTW	2	110	55	784500	135	80	739500	-45000	True	
442	Ilias	Lachlan	STG	HFB	2	69	34.5	348500	40	34	343600	-4900	True	
443	Lawrie	Blake	STG	FRF	1	28	28	369500	50	33	369500	0	True	
444	Leilua	Luciano	STG	2RF	2	81	40.5	545500	90	37	502700	-42800	True	
445	Liddle	Jacob	STG	HOK	2	89	44.5	640700	111	58	597200	-43500	True	
446	Molo	Francis	STG	FRF	0	0	0	386900	40	35	386900	0	True	
447	Molo	Michael	STG	FRF	0	0	0	291700	30	33	291700	0	True	
448	Pasifiki Tonga	Loko	STG	FRF	0	0	0	198800	21	20	198800	0	True	
449	Ramsey	Cody	STG	CTW	0	0	0	214000	22	42	214000	0	True	
450	Ravalawa	Mikaele	STH	CTW	1	29	29	433200	63	43	433200	0	True	
451	Sele	Hame	STG	FRF	0	0	0	352400	37	38	352400	0	True	
452	Sloan	Tyrell	STG	FLB	1	99	99	542700	16	91	542700	0	True	
453	Stewart	Hamish	STG	FRF	2	88	44	198800	-26	30	244100	45300	True	
454	Su'A	Jaydn	STG	2RF	2	118	59	656300	87	76	647100	-9200	True	
455	Suli	Moses	STG	CTW	2	71	35.5	470900	76	47	447000	-23900	True	
456	Tuipulotu	Christian	STG	CTW	2	227	113.5	552300	-54	82	662800	110500	True	
457	Aitken	Euan	STH	2RF	0	0	0	587300	61	52	587300	0	True	
458	Arrow	Jai	STH	2RF	3	131	43.6667	477500	80	46	449500	-28000	True	
459	Burns	Gerome	STH	5/8	0	0	0	198800	21	20	198800	0	True	
460	Dodd	Lewis	STH	HFB	0	0	0	336000	35	34	336000	0	True	
461	Duncan	Tallis	STH	2RF	3	114	38	405900	62	40	388100	-17800	True	
462	Fletcher	Thomas	STH	2RF	0	0	0	198800	21	20	198800	0	True	
463	Graham	Campbell	STH	CTW	3	124	41.3333	477900	70	41	454700	-23200	True	
464	Gray	Jye	STH	FLB	3	182	60.6667	551600	68	45	533300	-18300	True	
465	Havili	Siliva	STH	HOK	3	81	27	303800	44	22	285900	-17900	True	
466	Host	Jacob	STH	2RF	0	0	0	351700	37	26	351700	0	True	
467	Hubner	Lachlan	STH	2RF	2	97	48.5	232600	-24	34	279800	47200	True	
468	Humphreys	Jamie	STH	HFB	3	201	67	390900	-24	69	466100	75200	True	
469	Johnston	Alex	STH	CTW	0	0	0	433700	45	73	433700	0	True	
470	Keppie	Sean	STH	FRF	3	159	53	393300	1	48	431400	38100	True	
471	Koloamatangi	Keaon	STH	2RF	3	147	49	581200	100	51	541500	-39700	True	
472	Le Blanc	Liam	STH	FRF	1	34	34	232600	15	26	232600	0	True	
473	Lovett	Ben	STH	2RF	0	0	0	214000	22	22	214000	0	True	
474	Mamouzelos	Peter	STH	HOK	3	181	60.3333	372800	-27	53	438000	65200	True	
475	McCarthy	Max	STH	2RF	0	0	0	198800	21	20	198800	0	True	
476	Mellars	Haizyn	STH	CTW	0	0	0	198800	21	20	198800	0	True	
477	Mitchell	Latrell	STH	FLB	0	0	0	866800	90	120	866800	0	True	
478	Mitchell	Shaquai	STH	FRF	0	0	0	270200	28	29	270200	0	True	
479	Moale	Davvy	STH	FRF	3	94	31.3333	367200	45	38	361600	-5600	True	
480	Munro	Tyrone	STH	CTW	1	64	64	397500	19	62	397500	0	True	
481	Murray	Cameron	STH	2RF	0	0	0	610400	64	63	610400	0	True	
482	Myers	Fletcher	STH	CTW	1	19	19	322600	49	33	322600	0	True	
483	Schuster	Josh	STH	2RF	0	0	0	265100	28	28	265100	0	True	
484	Tass	Isaiah	STH	CTW	3	113	37.6667	336300	48	38	328000	-8300	True	
485	Tatola	Tevita	STH	FRF	3	80	26.6667	321300	43	31	312000	-9300	True	
486	Taua	Nazareth	STH	2RF	0	0	0	198800	21	20	198800	0	True	
487	Walker	Cody	STH	5/8	3	115	38.3333	511000	73	47	490000	-21000	True	
488	Wighton	Jack	STH	5/8	2	80	40	486700	72	35	456400	-30300	True	
489	Butcher	Egan	SYD	2RF	0	0	0	310800	32	27	310800	0	True	
490	Butcher	Nat	SYD	2RF	0	0	0	553100	58	61	553100	0	True	
491	Collins	Lindsay	SYD	FRF	1	30	30	422900	59	43	422900	0	True	
492	Crichton	Angus	SYD	2RF	3	185	61.6667	716100	94	81	705500	-10600	True	
493	Elliott	Jake	SYD	HFB	0	0	0	198800	21	20	198800	0	True	
494	Leniu	Spencer	SYD	FRF	1	54	54	393700	29	35	393700	0	True	
495	Moriarty	Tyler	SYD	HOK	0	0	0	198800	21	20	198800	0	True	
496	Nawaqanitawase	Mark	SYD	CTW	3	189	63	480600	18	60	514400	33800	True	
497	Pauga	Junior	SYD	CTW	0	0	0	604500	63	65	604500	0	True	
498	Radley	Victor	SYD	2RF	2	62	31	542100	108	33	481600	-60500	True	
499	Roberts	Ethan	SYD	FRF	0	0	0	198800	21	20	198800	0	True	
500	Rodwell	Toby	SYD	HFB	0	0	0	198800	21	20	198800	0	True	
501	Smith	Billy	SYD	CTW	0	0	0	317200	33	34	317200	0	True	
502	Smith	Brandon	SYD	HOK	0	0	0	400900	42	55	400900	0	True	
503	Smith	Sandon	SYD	HFB	3	146	48.6667	295700	-3	46	335800	40100	True	
504	Steep	Blake	SYD	2RF	3	110	36.6667	262800	5	34	286100	23300	True	
505	Tedesco	James	SYD	FLB	3	220	73.3333	865000	94	110	878300	13300	True	
506	Toia	Robert	SYD	CTW	3	159	53	277300	18	43	297700	20400	True	
507	Townsend	Chad	SYD	HFB	3	121	40.3333	412900	44	50	417600	4700	True	
508	Tupou	Daniel	SYD	CTW	3	212	70.6667	674800	24	81	720900	46100	True	
509	Va'a	De La Salle	SYD	FRF	0	0	0	232600	24	25	232600	0	True	
510	Va'a	Xavier	SYD	FRF	0	0	0	198800	21	20	198800	0	True	
511	Walker	Sam	SYD	HFB	0	0	0	640000	67	54	640000	0	True	
512	Watson	Connor	SYD	2RF	3	188	62.6667	587500	51	61	595800	8300	True	
513	Whyte	Naufahu	SYD	2RF	3	186	62	424900	-10	52	475200	50300	True	
514	Wong	Siua	SYD	2RF	3	156	52	363900	-10	36	401300	37400	True	
515	Young	Dominic	SYD	CTW	3	152	50.6667	646500	113	68	609700	-36800	True	
516	Bird	Jack	WST	CTW	3	91	30.3333	357100	55	31	337800	-19300	True	
517	Bula	Jahream	WST	FLB	2	152	76	571000	27	59	597200	26200	True	
518	Craig	Will	WST	CTW	0	0	0	198800	21	20	198800	0	True	
519	Da Silva	Tallyn	WST	HOK	3	94	31.3333	341400	38	33	337500	-3900	True	
520	Doueihi	Adam	WST	5/8	3	158	52.6667	450300	24	46	468200	17900	True	
521	Fa'agutu	Chris	WST	FRF	0	0	0	198800	21	20	198800	0	True	
522	Faataape	Solomona	WST	CTW	1	24	24	355300	51	29	355300	0	True	
523	Fainu	Latu	WST	5/8	0	0	0	248000	26	43	248000	0	True	
524	Fainu	Samuela	WST	2RF	3	140	46.6667	499700	59	48	490500	-9200	True	
525	Feledy	Josh	WST	CTW	0	0	0	267200	28	37	267200	0	True	
526	Galvin	Lachlan	WST	5/8	3	202	67.3333	629600	46	59	640100	10500	True	
527	Hunt	Royce	WST	FRF	3	68	22.6667	240900	28	19	233300	-7600	True	
528	Klemmer	David	STG	FRF	0	0	0	366600	38	38	366600	0	True	
529	Koroisau	Apisai	WST	HOK	2	128	64	612300	64	65	613500	1200	True	
530	Laulilii	Kit	WST	2RF	0	0	0	232600	24	23	232600	0	True	
531	Laulilii	Luke	WST	FLB	0	0	0	297600	31	38	297600	0	True	
532	Lobb	Alexander	WST	CTW	0	0	0	232600	24	16	232600	0	True	
533	Luai	Jarome	WST	5/8	3	93	31	509800	121	45	448500	-61300	True	
534	Makasini	Heamasi	WST	CTW	0	0	0	198800	21	20	198800	0	True	
535	Mason	Heath	WST	FLB	1	30	30	276900	29	43	276900	0	True	
536	Matamua	Justin	WST	2RF	0	0	0	278100	29	31	278100	0	True	
537	May	Terrell	WST	FRF	3	238	79.3333	638900	40	69	662500	23600	True	
538	Miller	Jordan	WST	FRF	0	0	0	232600	24	18	232600	0	True	
539	Naden	Brent	WST	CTW	0	0	0	338300	35	29	338300	0	True	
540	Olam	Justin	WST	CTW	0	0	0	430000	45	44	430000	0	True	
541	Pole	Fonua	WST	2RF	3	129	43	433000	34	41	439100	6100	True	
542	Porter	Reuben	WST	2RF	0	0	0	443000	46	54	443000	0	True	
543	Rahme	Jaxson	WST	2RF	0	0	0	198800	21	20	198800	0	True	
544	Saukuru	Solomone	WST	CTW	0	0	0	198800	21	20	198800	0	True	
545	Seyfarth	Alex	WST	2RF	3	158	52.6667	453000	20	59	484800	31800	True	
546	Skelton	Jeral	WST	CTW	3	166	55.3333	507100	55	59	510600	3500	True	
547	Staines	Charlie	WST	CTW	0	0	0	407100	42	40	407100	0	True	
548	Sukkar	Tony	WST	2RF	0	0	0	232600	24	18	232600	0	True	
549	Sullivan	Jayden	STH	5/8	3	33	11	385600	95	27	330700	-54900	True	
550	To'a	Starford	WST	CTW	2	107	53.5	288400	-17	32	328000	39600	True	
551	Tumeth	Brandon	WST	2RF	0	0	0	214000	22	20	214000	0	True	
552	Turuva	Sunia	WST	CTW	3	225	75	613200	-4	65	669300	56100	True	
553	Twal	Alex	WST	FRF	3	169	56.3333	459800	37	45	466300	6500	True	
554	Eisenhuth	Tom	STG	2RF	0	0	0	516000	54	53	516000	0	True	
555	Lawson	Nathan	STG	CTW	0	0	0	198800	21	20	198800	0	True	
556	Ieremia	Dean	MEL	CTW	0	0	0	219900	23	22	219900	0	True	
557	Murdoch-Masila	Ben	STG	2RF	0	0	0	225900	24	23	225900	0	True	
558	Waddell	Corey	MNL	2RF	3	44	14.6667	319600	66	22	283900	-35700	True	
559	Dias	Austin	PTH	FRF	0	0	0	198800	21	20	198800	0	True	
560	Stuart	Jed	CBR	CTW	0	0	0	198800	21	20	198800	0	True	
561	Ieremia-Toeava	Eddie	NZL	2RF	0	0	0	198800	21	20	198800	0	True	
562	*** Healey	Samuel	NZL	HOK	0	0	0	198800	21	20	198800	0	False	
563	Shibasaki	Gehamat	BRO	CTW	3	177	59	317100	5	48	351800	34700	True	
564	Fainu	Sione	WST	FRF	3	44	14.6667	306500	61	21	274200	-32300	True	
565	Dockar-Clay	Zach	SYD	HOK	3	123	41	273400	-3	36	305400	32000	True	
566	Makatoa	Makahesi	SYD	2RF	2	40	20	239800	35	23	230000	-9800	True	
567	King	Ethan	SYD	CTW	0	0	0	232600	24	24	232600	0	True	
568	Savala	Hugo	SYD	HFB	2	26	13	198800	36	17	197800	-1000	True	
569	Foketi	Salesi	SYD	2RF	2	51	25.5	198800	11	22	207600	8800	True	
570	Losalu	Taylor	SYD	FRF	2	36	18	198800	26	19	197800	-1000	True	
571	Hope	Tristan	WST	HOK	1	21	21	198800	21	20	198800	0	True	
572	Aoake	Logan	NEW	CTW	0	0	0	198800	21	0	198800	0	True	
573	Ataata	Salesi	STH	FRF	0	0	0	198800	21	20	198800	0	True	
574	King-Togia	Lyhkan	STG	5/8	0	0	0	198800	21	20	198800	0	True	
575	Smith	Luke	BUL	2RF	0	0	0	198800	21	20	198800	0	True	
576	Rinakama	Jethro	BUL	CTW	0	0	0	198800	21	20	198800	0	True	
577	Bradley	Kane	MEL	2RF	0	0	0	232600	24	24	232600	0	True	
578	Volkman	Ronald	PAR	HFB	2	57	28.5	214000	10	25	226200	12200	True	
579	Smith	Ryley	PAR	HOK	3	78	26	211600	4	24	227700	16100	True	
580	Jenkins	Thomas	PTH	CTW	1	91	91	215000	-46	36	215000	0	True	
581	McCathie	Max	SYD	2RF	0	0	0	198800	21	20	198800	0	True	
582	Bentley-Hape	Bayleigh	STH	FLB	1	18	18	198800	24	20	198800	0	True	
583	Penitani	Talanoa	STH	CTW	0	0	0	198800	21	20	198800	0	True	
584	Keir	Dan	PAR	2RF	0	0	0	217000	23	22	217000	0	True	
585	Gray	Brock	GCT	2RF	2	29	14.5	198800	33	18	197800	-1000	True	
586	Weaver	Tom	GCT	HFB	0	0	0	268000	28	27	268000	0	True	
587	Williamson	Coby	MEL	CTW	0	0	0	198800	21	20	198800	0	True	
588	McCarthy	Kyle	NEW	CTW	0	0	0	246700	26	0	246700	0	True	
